"date","observed","ef_kg_per_mwh","two_period_hat","post_median_hat","pollutant","group","break_date"
2008-01-01,TRUE,0.409379976211568,0.510615603491963,0.409379976211568,"NOx","coal",2017-06-01
2008-02-01,TRUE,0.488921073499258,0.51029821866631,0.488921073499258,"NOx","coal",2017-06-01
2008-03-01,TRUE,0.506971182078488,0.509980833840657,0.506971182078488,"NOx","coal",2017-06-01
2008-04-01,TRUE,0.484128045241415,0.509663449015005,0.484128045241415,"NOx","coal",2017-06-01
2008-05-01,TRUE,0.489214956807811,0.509346064189352,0.489214956807811,"NOx","coal",2017-06-01
2008-06-01,TRUE,0.507359860606981,0.509028679363699,0.507359860606981,"NOx","coal",2017-06-01
2008-07-01,TRUE,0.522344727894839,0.508711294538047,0.522344727894839,"NOx","coal",2017-06-01
2008-08-01,TRUE,0.519291037826252,0.508393909712394,0.519291037826252,"NOx","coal",2017-06-01
2008-09-01,TRUE,0.508707886619738,0.508076524886741,0.508707886619738,"NOx","coal",2017-06-01
2008-10-01,TRUE,0.493470822373781,0.507759140061089,0.493470822373781,"NOx","coal",2017-06-01
2008-11-01,TRUE,0.520912540282391,0.507441755235436,0.520912540282391,"NOx","coal",2017-06-01
2008-12-01,TRUE,0.497154235318247,0.507124370409783,0.497154235318247,"NOx","coal",2017-06-01
2009-01-01,TRUE,0.498203174447155,0.506806985584131,0.498203174447155,"NOx","coal",2017-06-01
2009-02-01,TRUE,0.502506409218214,0.506489600758478,0.502506409218214,"NOx","coal",2017-06-01
2009-03-01,TRUE,0.514212975168647,0.506172215932825,0.514212975168647,"NOx","coal",2017-06-01
2009-04-01,TRUE,0.514990981383469,0.505854831107173,0.514990981383469,"NOx","coal",2017-06-01
2009-05-01,TRUE,0.50096370686106,0.50553744628152,0.50096370686106,"NOx","coal",2017-06-01
2009-06-01,TRUE,0.518176981213053,0.505220061455867,0.518176981213053,"NOx","coal",2017-06-01
2009-07-01,TRUE,0.543353795321673,0.504902676630215,0.543353795321673,"NOx","coal",2017-06-01
2009-08-01,TRUE,0.545807799286482,0.504585291804562,0.545807799286482,"NOx","coal",2017-06-01
2009-09-01,TRUE,0.53059388664455,0.504267906978909,0.53059388664455,"NOx","coal",2017-06-01
2009-10-01,TRUE,0.510079891900533,0.503950522153257,0.510079891900533,"NOx","coal",2017-06-01
2009-11-01,TRUE,0.500268670940619,0.503633137327604,0.500268670940619,"NOx","coal",2017-06-01
2009-12-01,TRUE,0.488319609134621,0.503315752501951,0.488319609134621,"NOx","coal",2017-06-01
2010-01-01,TRUE,0.474026347119319,0.502998367676299,0.474026347119319,"NOx","coal",2017-06-01
2010-02-01,TRUE,0.460845136259997,0.502680982850646,0.460845136259997,"NOx","coal",2017-06-01
2010-03-01,TRUE,0.471526192087897,0.502363598024993,0.471526192087897,"NOx","coal",2017-06-01
2010-04-01,TRUE,0.465665192916254,0.502046213199341,0.465665192916254,"NOx","coal",2017-06-01
2010-05-01,TRUE,0.473406630055963,0.501728828373688,0.473406630055963,"NOx","coal",2017-06-01
2010-06-01,TRUE,0.473268694696902,0.501411443548035,0.473268694696902,"NOx","coal",2017-06-01
2010-07-01,TRUE,0.501267985806934,0.501094058722383,0.501267985806934,"NOx","coal",2017-06-01
2010-08-01,TRUE,0.494630300943964,0.50077667389673,0.494630300943964,"NOx","coal",2017-06-01
2010-09-01,TRUE,0.486530399027318,0.500459289071077,0.486530399027318,"NOx","coal",2017-06-01
2010-10-01,TRUE,0.494351508607227,0.500141904245425,0.494351508607227,"NOx","coal",2017-06-01
2010-11-01,TRUE,0.468378089128679,0.499824519419772,0.468378089128679,"NOx","coal",2017-06-01
2010-12-01,TRUE,0.466722690721633,0.499507134594119,0.466722690721633,"NOx","coal",2017-06-01
2011-01-01,TRUE,0.437532113508011,0.499189749768467,0.437532113508011,"NOx","coal",2017-06-01
2011-02-01,TRUE,0.451730822500226,0.498872364942814,0.451730822500226,"NOx","coal",2017-06-01
2011-03-01,TRUE,0.464633172398296,0.498554980117161,0.464633172398296,"NOx","coal",2017-06-01
2011-04-01,TRUE,0.457706283651715,0.498237595291509,0.457706283651715,"NOx","coal",2017-06-01
2011-05-01,TRUE,0.467487332560854,0.497920210465856,0.467487332560854,"NOx","coal",2017-06-01
2011-06-01,TRUE,0.486017340244531,0.497602825640203,0.486017340244531,"NOx","coal",2017-06-01
2011-07-01,TRUE,0.488368382970264,0.497285440814551,0.488368382970264,"NOx","coal",2017-06-01
2011-08-01,TRUE,0.476618596644974,0.496968055988898,0.476618596644974,"NOx","coal",2017-06-01
2011-09-01,TRUE,0.481058728025024,0.496650671163245,0.481058728025024,"NOx","coal",2017-06-01
2011-10-01,TRUE,0.484252617626933,0.496333286337593,0.484252617626933,"NOx","coal",2017-06-01
2011-11-01,TRUE,0.482614838444274,0.49601590151194,0.482614838444274,"NOx","coal",2017-06-01
2011-12-01,TRUE,0.471948650605326,0.495698516686287,0.471948650605326,"NOx","coal",2017-06-01
2012-01-01,TRUE,0.467480426986994,0.495381131860635,0.467480426986994,"NOx","coal",2017-06-01
2012-02-01,TRUE,0.470567851686475,0.495063747034982,0.470567851686475,"NOx","coal",2017-06-01
2012-03-01,TRUE,0.480374279917265,0.494746362209329,0.480374279917265,"NOx","coal",2017-06-01
2012-04-01,TRUE,0.473345684534259,0.494428977383677,0.473345684534259,"NOx","coal",2017-06-01
2012-05-01,TRUE,0.467398372658691,0.494111592558024,0.467398372658691,"NOx","coal",2017-06-01
2012-06-01,TRUE,0.466239816582925,0.493794207732371,0.466239816582925,"NOx","coal",2017-06-01
2012-07-01,TRUE,0.483681564309343,0.493476822906719,0.483681564309343,"NOx","coal",2017-06-01
2012-08-01,TRUE,0.494211460106352,0.493159438081066,0.494211460106352,"NOx","coal",2017-06-01
2012-09-01,TRUE,0.494382203635515,0.492842053255413,0.494382203635515,"NOx","coal",2017-06-01
2012-10-01,TRUE,0.495256318652935,0.492524668429761,0.495256318652935,"NOx","coal",2017-06-01
2012-11-01,TRUE,0.518837042801377,0.492207283604108,0.518837042801377,"NOx","coal",2017-06-01
2012-12-01,TRUE,0.528616345794814,0.491889898778455,0.528616345794814,"NOx","coal",2017-06-01
2013-01-01,TRUE,0.508699219266356,0.491572513952803,0.508699219266356,"NOx","coal",2017-06-01
2013-02-01,TRUE,0.522858499861661,0.49125512912715,0.522858499861661,"NOx","coal",2017-06-01
2013-03-01,TRUE,0.526067421885103,0.490937744301497,0.526067421885103,"NOx","coal",2017-06-01
2013-04-01,TRUE,0.54288729983799,0.490620359475845,0.54288729983799,"NOx","coal",2017-06-01
2013-05-01,TRUE,0.54639338649499,0.490302974650192,0.54639338649499,"NOx","coal",2017-06-01
2013-06-01,TRUE,0.535429770638208,0.489985589824539,0.535429770638208,"NOx","coal",2017-06-01
2013-07-01,TRUE,0.549149579733199,0.489668204998887,0.549149579733199,"NOx","coal",2017-06-01
2013-08-01,TRUE,0.561165262016014,0.489350820173234,0.561165262016014,"NOx","coal",2017-06-01
2013-09-01,TRUE,0.553797089505025,0.489033435347581,0.553797089505025,"NOx","coal",2017-06-01
2013-10-01,TRUE,0.554723544357624,0.488716050521929,0.554723544357624,"NOx","coal",2017-06-01
2013-11-01,TRUE,0.552526433431814,0.488398665696276,0.552526433431814,"NOx","coal",2017-06-01
2013-12-01,TRUE,0.519894385652222,0.488081280870623,0.519894385652222,"NOx","coal",2017-06-01
2014-01-01,TRUE,0.518453176555968,0.487763896044971,0.518453176555968,"NOx","coal",2017-06-01
2014-02-01,TRUE,0.550680420856239,0.487446511219318,0.550680420856239,"NOx","coal",2017-06-01
2014-03-01,TRUE,0.558850889863187,0.487129126393665,0.558850889863187,"NOx","coal",2017-06-01
2014-04-01,TRUE,0.555062872457453,0.486811741568013,0.555062872457453,"NOx","coal",2017-06-01
2014-05-01,TRUE,0.550351935055831,0.48649435674236,0.550351935055831,"NOx","coal",2017-06-01
2014-06-01,TRUE,0.564000928380184,0.486176971916707,0.564000928380184,"NOx","coal",2017-06-01
2014-07-01,TRUE,0.559514219815925,0.485859587091055,0.559514219815925,"NOx","coal",2017-06-01
2014-08-01,TRUE,0.545163338088128,0.485542202265402,0.545163338088128,"NOx","coal",2017-06-01
2014-09-01,TRUE,0.558645933769552,0.485224817439749,0.558645933769552,"NOx","coal",2017-06-01
2014-10-01,TRUE,0.537849921177313,0.484907432614097,0.537849921177313,"NOx","coal",2017-06-01
2014-11-01,TRUE,0.512398851527068,0.484590047788444,0.512398851527068,"NOx","coal",2017-06-01
2014-12-01,TRUE,0.512970518059163,0.484272662962791,0.512970518059163,"NOx","coal",2017-06-01
2015-01-01,TRUE,0.491478911235991,0.483955278137139,0.491478911235991,"NOx","coal",2017-06-01
2015-02-01,TRUE,0.508955594579899,0.483637893311486,0.508955594579899,"NOx","coal",2017-06-01
2015-03-01,TRUE,0.530675597460659,0.483320508485833,0.530675597460659,"NOx","coal",2017-06-01
2015-04-01,TRUE,0.536352737764938,0.483003123660181,0.536352737764938,"NOx","coal",2017-06-01
2015-05-01,TRUE,0.538245224889497,0.482685738834528,0.538245224889497,"NOx","coal",2017-06-01
2015-06-01,TRUE,0.548462945464603,0.482368354008875,0.548462945464603,"NOx","coal",2017-06-01
2015-07-01,TRUE,0.538396946660017,0.482050969183223,0.538396946660017,"NOx","coal",2017-06-01
2015-08-01,TRUE,0.536643119730376,0.48173358435757,0.536643119730376,"NOx","coal",2017-06-01
2015-09-01,TRUE,0.530875777963011,0.481416199531917,0.530875777963011,"NOx","coal",2017-06-01
2015-10-01,TRUE,0.588031695050632,0.481098814706265,0.588031695050632,"NOx","coal",2017-06-01
2015-11-01,TRUE,0.580684045312066,0.480781429880612,0.580684045312066,"NOx","coal",2017-06-01
2015-12-01,TRUE,0.504242201884755,0.48046404505496,0.504242201884755,"NOx","coal",2017-06-01
2016-01-01,TRUE,0.47978505211438,0.480146660229307,0.47978505211438,"NOx","coal",2017-06-01
2016-02-01,TRUE,0.468690278729537,0.479829275403654,0.468690278729537,"NOx","coal",2017-06-01
2016-03-01,TRUE,0.463492666427072,0.479511890578001,0.463492666427072,"NOx","coal",2017-06-01
2016-04-01,TRUE,0.471949332996365,0.479194505752349,0.471949332996365,"NOx","coal",2017-06-01
2016-05-01,TRUE,0.473284236534147,0.478877120926696,0.473284236534147,"NOx","coal",2017-06-01
2016-06-01,TRUE,0.437390001718058,0.478559736101043,0.437390001718058,"NOx","coal",2017-06-01
2016-07-01,TRUE,0.440004184931481,0.478242351275391,0.440004184931481,"NOx","coal",2017-06-01
2016-08-01,TRUE,0.434696470046827,0.477924966449738,0.434696470046827,"NOx","coal",2017-06-01
2016-09-01,TRUE,0.404179145769012,0.477607581624085,0.404179145769012,"NOx","coal",2017-06-01
2016-10-01,TRUE,0.411677036657076,0.477290196798433,0.411677036657076,"NOx","coal",2017-06-01
2016-11-01,TRUE,0.378189145537393,0.47697281197278,0.378189145537393,"NOx","coal",2017-06-01
2016-12-01,TRUE,0.356902071714996,0.476655427147127,0.356902071714996,"NOx","coal",2017-06-01
2017-01-01,TRUE,0.338343546220643,0.476338042321475,0.338343546220643,"NOx","coal",2017-06-01
2017-02-01,TRUE,0.34506363867547,0.476020657495822,0.34506363867547,"NOx","coal",2017-06-01
2017-03-01,TRUE,0.347977085038624,0.47570327267017,0.347977085038624,"NOx","coal",2017-06-01
2017-04-01,TRUE,0.329759250564903,0.475385887844517,0.329759250564903,"NOx","coal",2017-06-01
2017-05-01,TRUE,0.342875537402708,0.475068503018864,0.342875537402708,"NOx","coal",2017-06-01
2017-06-01,TRUE,0.306582415566451,0.143627670464365,0.306582415566451,"NOx","coal",2017-06-01
2017-07-01,TRUE,0.301781363807606,0.143627670464365,0.301781363807606,"NOx","coal",2017-06-01
2017-08-01,TRUE,0.288433989157233,0.143627670464365,0.288433989157233,"NOx","coal",2017-06-01
2017-09-01,TRUE,0.266051832875491,0.143627670464365,0.266051832875491,"NOx","coal",2017-06-01
2017-10-01,TRUE,0.238688158021626,0.143627670464365,0.238688158021626,"NOx","coal",2017-06-01
2017-11-01,TRUE,0.24825047755951,0.143627670464365,0.24825047755951,"NOx","coal",2017-06-01
2017-12-01,TRUE,0.238959001521317,0.143627670464365,0.238959001521317,"NOx","coal",2017-06-01
2018-01-01,TRUE,0.240748189091648,0.143627670464365,0.240748189091648,"NOx","coal",2017-06-01
2018-02-01,TRUE,0.243937566630126,0.143627670464365,0.243937566630126,"NOx","coal",2017-06-01
2018-03-01,TRUE,0.246887632871415,0.143627670464365,0.246887632871415,"NOx","coal",2017-06-01
2018-04-01,TRUE,0.225867019461843,0.143627670464365,0.225867019461843,"NOx","coal",2017-06-01
2018-05-01,TRUE,0.220076723025442,0.143627670464365,0.220076723025442,"NOx","coal",2017-06-01
2018-06-01,TRUE,0.213473513460223,0.143627670464365,0.213473513460223,"NOx","coal",2017-06-01
2018-07-01,TRUE,0.2094683253114,0.143627670464365,0.2094683253114,"NOx","coal",2017-06-01
2018-08-01,TRUE,0.217891812453669,0.143627670464365,0.217891812453669,"NOx","coal",2017-06-01
2018-09-01,TRUE,0.202916543132357,0.143627670464365,0.202916543132357,"NOx","coal",2017-06-01
2018-10-01,TRUE,0.182437458849858,0.143627670464365,0.182437458849858,"NOx","coal",2017-06-01
2018-11-01,TRUE,0.193267999094181,0.143627670464365,0.193267999094181,"NOx","coal",2017-06-01
2018-12-01,TRUE,0.216899103278492,0.143627670464365,0.216899103278492,"NOx","coal",2017-06-01
2019-01-01,TRUE,0.178304836589794,0.143627670464365,0.178304836589794,"NOx","coal",2017-06-01
2019-02-01,TRUE,0.191119123213269,0.143627670464365,0.191119123213269,"NOx","coal",2017-06-01
2019-03-01,TRUE,0.186805774283496,0.143627670464365,0.186805774283496,"NOx","coal",2017-06-01
2019-04-01,TRUE,0.192868785605952,0.143627670464365,0.192868785605952,"NOx","coal",2017-06-01
2019-05-01,TRUE,0.188252012938849,0.143627670464365,0.188252012938849,"NOx","coal",2017-06-01
2019-06-01,TRUE,0.157080513267466,0.143627670464365,0.157080513267466,"NOx","coal",2017-06-01
2019-07-01,TRUE,0.160954006232389,0.143627670464365,0.160954006232389,"NOx","coal",2017-06-01
2019-08-01,TRUE,0.160529711161222,0.143627670464365,0.160529711161222,"NOx","coal",2017-06-01
2019-09-01,TRUE,0.154193136498471,0.143627670464365,0.154193136498471,"NOx","coal",2017-06-01
2019-10-01,TRUE,0.145696957509661,0.143627670464365,0.145696957509661,"NOx","coal",2017-06-01
2019-11-01,TRUE,0.143726839397692,0.143627670464365,0.143726839397692,"NOx","coal",2017-06-01
2019-12-01,TRUE,0.141272224993187,0.143627670464365,0.141272224993187,"NOx","coal",2017-06-01
2020-01-01,TRUE,0.140221910723048,0.143627670464365,0.140221910723048,"NOx","coal",2017-06-01
2020-02-01,TRUE,0.133469397891211,0.143627670464365,0.133469397891211,"NOx","coal",2017-06-01
2020-03-01,TRUE,0.138395411510455,0.143627670464365,0.138395411510455,"NOx","coal",2017-06-01
2020-04-01,TRUE,0.143988031051305,0.143627670464365,0.143988031051305,"NOx","coal",2017-06-01
2020-05-01,TRUE,0.140255028270232,0.143627670464365,0.140255028270232,"NOx","coal",2017-06-01
2020-06-01,TRUE,0.130469360080743,0.143627670464365,0.130469360080743,"NOx","coal",2017-06-01
2020-07-01,TRUE,0.124062077755868,0.143627670464365,0.124062077755868,"NOx","coal",2017-06-01
2020-08-01,TRUE,0.127248768717371,0.143627670464365,0.127248768717371,"NOx","coal",2017-06-01
2020-09-01,TRUE,0.125568635588676,0.143627670464365,0.125568635588676,"NOx","coal",2017-06-01
2020-10-01,TRUE,0.113253243245971,0.143627670464365,0.113253243245971,"NOx","coal",2017-06-01
2020-11-01,TRUE,0.125084027204071,0.143627670464365,0.125084027204071,"NOx","coal",2017-06-01
2020-12-01,TRUE,0.119026444589255,0.143627670464365,0.119026444589255,"NOx","coal",2017-06-01
2021-01-01,TRUE,0.124704099567504,0.143627670464365,0.124704099567504,"NOx","coal",2017-06-01
2021-02-01,TRUE,0.117675943302132,0.143627670464365,0.117675943302132,"NOx","coal",2017-06-01
2021-03-01,TRUE,0.123550259305814,0.143627670464365,0.123550259305814,"NOx","coal",2017-06-01
2021-04-01,TRUE,0.132929420901227,0.143627670464365,0.132929420901227,"NOx","coal",2017-06-01
2021-05-01,TRUE,0.123305038528022,0.143627670464365,0.123305038528022,"NOx","coal",2017-06-01
2021-06-01,TRUE,0.116703698476956,0.143627670464365,0.116703698476956,"NOx","coal",2017-06-01
2021-07-01,TRUE,0.126579946696868,0.143627670464365,0.126579946696868,"NOx","coal",2017-06-01
2021-08-01,TRUE,0.124244464161225,0.143627670464365,0.124244464161225,"NOx","coal",2017-06-01
2021-09-01,TRUE,0.123578272230412,0.143627670464365,0.123578272230412,"NOx","coal",2017-06-01
2021-10-01,TRUE,0.126192383340201,0.143627670464365,0.126192383340201,"NOx","coal",2017-06-01
2021-11-01,TRUE,0.131617085772912,0.143627670464365,0.131617085772912,"NOx","coal",2017-06-01
2021-12-01,TRUE,0.108837285034934,0.143627670464365,0.108837285034934,"NOx","coal",2017-06-01
2022-01-01,TRUE,0.106432139924358,0.143627670464365,0.106432139924358,"NOx","coal",2017-06-01
2022-02-01,TRUE,0.10468998268154,0.143627670464365,0.10468998268154,"NOx","coal",2017-06-01
2022-03-01,TRUE,0.121873047027512,0.143627670464365,0.121873047027512,"NOx","coal",2017-06-01
2022-04-01,TRUE,0.12979333244872,0.143627670464365,0.12979333244872,"NOx","coal",2017-06-01
2022-05-01,TRUE,0.130100754651779,0.143627670464365,0.130100754651779,"NOx","coal",2017-06-01
2022-06-01,TRUE,0.1206098203114,0.143627670464365,0.1206098203114,"NOx","coal",2017-06-01
2022-07-01,TRUE,0.117706349442051,0.143627670464365,0.117706349442051,"NOx","coal",2017-06-01
2022-08-01,TRUE,0.138012049296192,0.143627670464365,0.138012049296192,"NOx","coal",2017-06-01
2022-09-01,TRUE,0.129825097714332,0.143627670464365,0.129825097714332,"NOx","coal",2017-06-01
2022-10-01,TRUE,0.125114583589437,0.143627670464365,0.125114583589437,"NOx","coal",2017-06-01
2022-11-01,TRUE,0.118103348324461,0.143627670464365,0.118103348324461,"NOx","coal",2017-06-01
2022-12-01,TRUE,0.112490183811882,0.143627670464365,0.112490183811882,"NOx","coal",2017-06-01
2023-01-01,TRUE,0.105421510707697,0.143627670464365,0.105421510707697,"NOx","coal",2017-06-01
2023-02-01,TRUE,0.107445869540807,0.143627670464365,0.107445869540807,"NOx","coal",2017-06-01
2023-03-01,TRUE,0.105683599021162,0.143627670464365,0.105683599021162,"NOx","coal",2017-06-01
2023-04-01,TRUE,0.114110327805731,0.143627670464365,0.114110327805731,"NOx","coal",2017-06-01
2023-05-01,TRUE,0.117714869664626,0.143627670464365,0.117714869664626,"NOx","coal",2017-06-01
2023-06-01,TRUE,0.11069200501917,0.143627670464365,0.11069200501917,"NOx","coal",2017-06-01
2023-07-01,TRUE,0.106062557724434,0.143627670464365,0.106062557724434,"NOx","coal",2017-06-01
2023-08-01,TRUE,0.105096967259262,0.143627670464365,0.105096967259262,"NOx","coal",2017-06-01
2023-09-01,TRUE,0.117767482263087,0.143627670464365,0.117767482263087,"NOx","coal",2017-06-01
2023-10-01,TRUE,0.103209184054916,0.143627670464365,0.103209184054916,"NOx","coal",2017-06-01
2023-11-01,TRUE,0.102230544549877,0.143627670464365,0.102230544549877,"NOx","coal",2017-06-01
2023-12-01,TRUE,0.101476402375942,0.143627670464365,0.101476402375942,"NOx","coal",2017-06-01
2024-01-01,TRUE,0.0764748276000572,0.143627670464365,0.0764748276000572,"NOx","coal",2017-06-01
2024-02-01,TRUE,0.0753155899406888,0.143627670464365,0.0753155899406888,"NOx","coal",2017-06-01
2024-03-01,TRUE,0.084878729588733,0.143627670464365,0.084878729588733,"NOx","coal",2017-06-01
2024-04-01,TRUE,0.0932630344368513,0.143627670464365,0.0932630344368513,"NOx","coal",2017-06-01
2024-05-01,TRUE,0.0946431534312884,0.143627670464365,0.0946431534312884,"NOx","coal",2017-06-01
2024-06-01,TRUE,0.0787639598014138,0.143627670464365,0.0787639598014138,"NOx","coal",2017-06-01
2024-07-01,TRUE,0.0719441088916787,0.143627670464365,0.0719441088916787,"NOx","coal",2017-06-01
2024-08-01,TRUE,0.0736477196828345,0.143627670464365,0.0736477196828345,"NOx","coal",2017-06-01
2024-09-01,TRUE,0.0818373476374351,0.143627670464365,0.0818373476374351,"NOx","coal",2017-06-01
2024-10-01,TRUE,0.0815828425639934,0.143627670464365,0.0815828425639934,"NOx","coal",2017-06-01
2024-11-01,TRUE,0.073897111704016,0.143627670464365,0.073897111704016,"NOx","coal",2017-06-01
2024-12-01,TRUE,0.0780042895857601,0.143627670464365,0.0780042895857601,"NOx","coal",2017-06-01
2025-01-01,TRUE,0.122452032442518,0.143627670464365,0.122452032442518,"NOx","coal",2017-06-01
2025-02-01,TRUE,0.11479424825445,0.143627670464365,0.11479424825445,"NOx","coal",2017-06-01
2025-03-01,TRUE,0.125572648080049,0.143627670464365,0.125572648080049,"NOx","coal",2017-06-01
2025-04-01,TRUE,0.132318222751411,0.143627670464365,0.132318222751411,"NOx","coal",2017-06-01
2025-05-01,TRUE,0.141047828575686,0.143627670464365,0.141047828575686,"NOx","coal",2017-06-01
2025-06-01,TRUE,0.129981104012784,0.143627670464365,0.129981104012784,"NOx","coal",2017-06-01
2025-07-01,TRUE,0.124878718474541,0.143627670464365,0.124878718474541,"NOx","coal",2017-06-01
2025-08-01,TRUE,0.122197882010636,0.143627670464365,0.122197882010636,"NOx","coal",2017-06-01
2025-09-01,TRUE,0.123249595801188,0.143627670464365,0.123249595801188,"NOx","coal",2017-06-01
2025-10-01,TRUE,0.120877428472455,0.143627670464365,0.120877428472455,"NOx","coal",2017-06-01
2025-11-01,TRUE,0.1442419709052,0.143627670464365,0.1442419709052,"NOx","coal",2017-06-01
2025-12-01,TRUE,0.131740373165882,0.143627670464365,0.131740373165882,"NOx","coal",2017-06-01
2026-01-01,FALSE,,0.143627670464365,0.125572648080049,"NOx","coal",2017-06-01
2026-02-01,FALSE,,0.143627670464365,0.125572648080049,"NOx","coal",2017-06-01
2026-03-01,FALSE,,0.143627670464365,0.125572648080049,"NOx","coal",2017-06-01
2026-04-01,FALSE,,0.143627670464365,0.125572648080049,"NOx","coal",2017-06-01
2026-05-01,FALSE,,0.143627670464365,0.125572648080049,"NOx","coal",2017-06-01
2026-06-01,FALSE,,0.143627670464365,0.125572648080049,"NOx","coal",2017-06-01
2026-07-01,FALSE,,0.143627670464365,0.125572648080049,"NOx","coal",2017-06-01
2026-08-01,FALSE,,0.143627670464365,0.125572648080049,"NOx","coal",2017-06-01
2026-09-01,FALSE,,0.143627670464365,0.125572648080049,"NOx","coal",2017-06-01
2026-10-01,FALSE,,0.143627670464365,0.125572648080049,"NOx","coal",2017-06-01
2026-11-01,FALSE,,0.143627670464365,0.125572648080049,"NOx","coal",2017-06-01
2026-12-01,FALSE,,0.143627670464365,0.125572648080049,"NOx","coal",2017-06-01
2027-01-01,FALSE,,0.143627670464365,0.125572648080049,"NOx","coal",2017-06-01
2027-02-01,FALSE,,0.143627670464365,0.125572648080049,"NOx","coal",2017-06-01
2027-03-01,FALSE,,0.143627670464365,0.125572648080049,"NOx","coal",2017-06-01
2027-04-01,FALSE,,0.143627670464365,0.125572648080049,"NOx","coal",2017-06-01
2027-05-01,FALSE,,0.143627670464365,0.125572648080049,"NOx","coal",2017-06-01
2027-06-01,FALSE,,0.143627670464365,0.125572648080049,"NOx","coal",2017-06-01
2027-07-01,FALSE,,0.143627670464365,0.125572648080049,"NOx","coal",2017-06-01
2027-08-01,FALSE,,0.143627670464365,0.125572648080049,"NOx","coal",2017-06-01
2027-09-01,FALSE,,0.143627670464365,0.125572648080049,"NOx","coal",2017-06-01
2027-10-01,FALSE,,0.143627670464365,0.125572648080049,"NOx","coal",2017-06-01
2027-11-01,FALSE,,0.143627670464365,0.125572648080049,"NOx","coal",2017-06-01
2027-12-01,FALSE,,0.143627670464365,0.125572648080049,"NOx","coal",2017-06-01
2028-01-01,FALSE,,0.143627670464365,0.125572648080049,"NOx","coal",2017-06-01
2028-02-01,FALSE,,0.143627670464365,0.125572648080049,"NOx","coal",2017-06-01
2028-03-01,FALSE,,0.143627670464365,0.125572648080049,"NOx","coal",2017-06-01
2028-04-01,FALSE,,0.143627670464365,0.125572648080049,"NOx","coal",2017-06-01
2028-05-01,FALSE,,0.143627670464365,0.125572648080049,"NOx","coal",2017-06-01
2028-06-01,FALSE,,0.143627670464365,0.125572648080049,"NOx","coal",2017-06-01
2028-07-01,FALSE,,0.143627670464365,0.125572648080049,"NOx","coal",2017-06-01
2028-08-01,FALSE,,0.143627670464365,0.125572648080049,"NOx","coal",2017-06-01
2028-09-01,FALSE,,0.143627670464365,0.125572648080049,"NOx","coal",2017-06-01
2028-10-01,FALSE,,0.143627670464365,0.125572648080049,"NOx","coal",2017-06-01
2028-11-01,FALSE,,0.143627670464365,0.125572648080049,"NOx","coal",2017-06-01
2028-12-01,FALSE,,0.143627670464365,0.125572648080049,"NOx","coal",2017-06-01
2029-01-01,FALSE,,0.143627670464365,0.125572648080049,"NOx","coal",2017-06-01
2029-02-01,FALSE,,0.143627670464365,0.125572648080049,"NOx","coal",2017-06-01
2029-03-01,FALSE,,0.143627670464365,0.125572648080049,"NOx","coal",2017-06-01
2029-04-01,FALSE,,0.143627670464365,0.125572648080049,"NOx","coal",2017-06-01
2029-05-01,FALSE,,0.143627670464365,0.125572648080049,"NOx","coal",2017-06-01
2029-06-01,FALSE,,0.143627670464365,0.125572648080049,"NOx","coal",2017-06-01
2029-07-01,FALSE,,0.143627670464365,0.125572648080049,"NOx","coal",2017-06-01
2029-08-01,FALSE,,0.143627670464365,0.125572648080049,"NOx","coal",2017-06-01
2029-09-01,FALSE,,0.143627670464365,0.125572648080049,"NOx","coal",2017-06-01
2029-10-01,FALSE,,0.143627670464365,0.125572648080049,"NOx","coal",2017-06-01
2029-11-01,FALSE,,0.143627670464365,0.125572648080049,"NOx","coal",2017-06-01
2029-12-01,FALSE,,0.143627670464365,0.125572648080049,"NOx","coal",2017-06-01
2030-01-01,FALSE,,0.143627670464365,0.125572648080049,"NOx","coal",2017-06-01
2030-02-01,FALSE,,0.143627670464365,0.125572648080049,"NOx","coal",2017-06-01
2030-03-01,FALSE,,0.143627670464365,0.125572648080049,"NOx","coal",2017-06-01
2030-04-01,FALSE,,0.143627670464365,0.125572648080049,"NOx","coal",2017-06-01
2030-05-01,FALSE,,0.143627670464365,0.125572648080049,"NOx","coal",2017-06-01
2030-06-01,FALSE,,0.143627670464365,0.125572648080049,"NOx","coal",2017-06-01
2030-07-01,FALSE,,0.143627670464365,0.125572648080049,"NOx","coal",2017-06-01
2030-08-01,FALSE,,0.143627670464365,0.125572648080049,"NOx","coal",2017-06-01
2030-09-01,FALSE,,0.143627670464365,0.125572648080049,"NOx","coal",2017-06-01
2030-10-01,FALSE,,0.143627670464365,0.125572648080049,"NOx","coal",2017-06-01
2030-11-01,FALSE,,0.143627670464365,0.125572648080049,"NOx","coal",2017-06-01
2030-12-01,FALSE,,0.143627670464365,0.125572648080049,"NOx","coal",2017-06-01
2031-01-01,FALSE,,0.143627670464365,0.125572648080049,"NOx","coal",2017-06-01
2031-02-01,FALSE,,0.143627670464365,0.125572648080049,"NOx","coal",2017-06-01
2031-03-01,FALSE,,0.143627670464365,0.125572648080049,"NOx","coal",2017-06-01
2031-04-01,FALSE,,0.143627670464365,0.125572648080049,"NOx","coal",2017-06-01
2031-05-01,FALSE,,0.143627670464365,0.125572648080049,"NOx","coal",2017-06-01
2031-06-01,FALSE,,0.143627670464365,0.125572648080049,"NOx","coal",2017-06-01
2031-07-01,FALSE,,0.143627670464365,0.125572648080049,"NOx","coal",2017-06-01
2031-08-01,FALSE,,0.143627670464365,0.125572648080049,"NOx","coal",2017-06-01
2031-09-01,FALSE,,0.143627670464365,0.125572648080049,"NOx","coal",2017-06-01
2031-10-01,FALSE,,0.143627670464365,0.125572648080049,"NOx","coal",2017-06-01
2031-11-01,FALSE,,0.143627670464365,0.125572648080049,"NOx","coal",2017-06-01
2031-12-01,FALSE,,0.143627670464365,0.125572648080049,"NOx","coal",2017-06-01
2032-01-01,FALSE,,0.143627670464365,0.125572648080049,"NOx","coal",2017-06-01
2032-02-01,FALSE,,0.143627670464365,0.125572648080049,"NOx","coal",2017-06-01
2032-03-01,FALSE,,0.143627670464365,0.125572648080049,"NOx","coal",2017-06-01
2032-04-01,FALSE,,0.143627670464365,0.125572648080049,"NOx","coal",2017-06-01
2032-05-01,FALSE,,0.143627670464365,0.125572648080049,"NOx","coal",2017-06-01
2032-06-01,FALSE,,0.143627670464365,0.125572648080049,"NOx","coal",2017-06-01
2032-07-01,FALSE,,0.143627670464365,0.125572648080049,"NOx","coal",2017-06-01
2032-08-01,FALSE,,0.143627670464365,0.125572648080049,"NOx","coal",2017-06-01
2032-09-01,FALSE,,0.143627670464365,0.125572648080049,"NOx","coal",2017-06-01
2032-10-01,FALSE,,0.143627670464365,0.125572648080049,"NOx","coal",2017-06-01
2032-11-01,FALSE,,0.143627670464365,0.125572648080049,"NOx","coal",2017-06-01
2032-12-01,FALSE,,0.143627670464365,0.125572648080049,"NOx","coal",2017-06-01
2033-01-01,FALSE,,0.143627670464365,0.125572648080049,"NOx","coal",2017-06-01
2033-02-01,FALSE,,0.143627670464365,0.125572648080049,"NOx","coal",2017-06-01
2033-03-01,FALSE,,0.143627670464365,0.125572648080049,"NOx","coal",2017-06-01
2033-04-01,FALSE,,0.143627670464365,0.125572648080049,"NOx","coal",2017-06-01
2033-05-01,FALSE,,0.143627670464365,0.125572648080049,"NOx","coal",2017-06-01
2033-06-01,FALSE,,0.143627670464365,0.125572648080049,"NOx","coal",2017-06-01
2033-07-01,FALSE,,0.143627670464365,0.125572648080049,"NOx","coal",2017-06-01
2033-08-01,FALSE,,0.143627670464365,0.125572648080049,"NOx","coal",2017-06-01
2033-09-01,FALSE,,0.143627670464365,0.125572648080049,"NOx","coal",2017-06-01
2033-10-01,FALSE,,0.143627670464365,0.125572648080049,"NOx","coal",2017-06-01
2033-11-01,FALSE,,0.143627670464365,0.125572648080049,"NOx","coal",2017-06-01
2033-12-01,FALSE,,0.143627670464365,0.125572648080049,"NOx","coal",2017-06-01
2034-01-01,FALSE,,0.143627670464365,0.125572648080049,"NOx","coal",2017-06-01
2034-02-01,FALSE,,0.143627670464365,0.125572648080049,"NOx","coal",2017-06-01
2034-03-01,FALSE,,0.143627670464365,0.125572648080049,"NOx","coal",2017-06-01
2034-04-01,FALSE,,0.143627670464365,0.125572648080049,"NOx","coal",2017-06-01
2034-05-01,FALSE,,0.143627670464365,0.125572648080049,"NOx","coal",2017-06-01
2034-06-01,FALSE,,0.143627670464365,0.125572648080049,"NOx","coal",2017-06-01
2034-07-01,FALSE,,0.143627670464365,0.125572648080049,"NOx","coal",2017-06-01
2034-08-01,FALSE,,0.143627670464365,0.125572648080049,"NOx","coal",2017-06-01
2034-09-01,FALSE,,0.143627670464365,0.125572648080049,"NOx","coal",2017-06-01
2034-10-01,FALSE,,0.143627670464365,0.125572648080049,"NOx","coal",2017-06-01
2034-11-01,FALSE,,0.143627670464365,0.125572648080049,"NOx","coal",2017-06-01
2034-12-01,FALSE,,0.143627670464365,0.125572648080049,"NOx","coal",2017-06-01
2035-01-01,FALSE,,0.143627670464365,0.125572648080049,"NOx","coal",2017-06-01
2035-02-01,FALSE,,0.143627670464365,0.125572648080049,"NOx","coal",2017-06-01
2035-03-01,FALSE,,0.143627670464365,0.125572648080049,"NOx","coal",2017-06-01
2035-04-01,FALSE,,0.143627670464365,0.125572648080049,"NOx","coal",2017-06-01
2035-05-01,FALSE,,0.143627670464365,0.125572648080049,"NOx","coal",2017-06-01
2035-06-01,FALSE,,0.143627670464365,0.125572648080049,"NOx","coal",2017-06-01
2035-07-01,FALSE,,0.143627670464365,0.125572648080049,"NOx","coal",2017-06-01
2035-08-01,FALSE,,0.143627670464365,0.125572648080049,"NOx","coal",2017-06-01
2035-09-01,FALSE,,0.143627670464365,0.125572648080049,"NOx","coal",2017-06-01
2035-10-01,FALSE,,0.143627670464365,0.125572648080049,"NOx","coal",2017-06-01
2035-11-01,FALSE,,0.143627670464365,0.125572648080049,"NOx","coal",2017-06-01
2035-12-01,FALSE,,0.143627670464365,0.125572648080049,"NOx","coal",2017-06-01
2036-01-01,FALSE,,0.143627670464365,0.125572648080049,"NOx","coal",2017-06-01
2036-02-01,FALSE,,0.143627670464365,0.125572648080049,"NOx","coal",2017-06-01
2036-03-01,FALSE,,0.143627670464365,0.125572648080049,"NOx","coal",2017-06-01
2036-04-01,FALSE,,0.143627670464365,0.125572648080049,"NOx","coal",2017-06-01
2036-05-01,FALSE,,0.143627670464365,0.125572648080049,"NOx","coal",2017-06-01
2036-06-01,FALSE,,0.143627670464365,0.125572648080049,"NOx","coal",2017-06-01
2036-07-01,FALSE,,0.143627670464365,0.125572648080049,"NOx","coal",2017-06-01
2036-08-01,FALSE,,0.143627670464365,0.125572648080049,"NOx","coal",2017-06-01
2036-09-01,FALSE,,0.143627670464365,0.125572648080049,"NOx","coal",2017-06-01
2036-10-01,FALSE,,0.143627670464365,0.125572648080049,"NOx","coal",2017-06-01
2036-11-01,FALSE,,0.143627670464365,0.125572648080049,"NOx","coal",2017-06-01
2036-12-01,FALSE,,0.143627670464365,0.125572648080049,"NOx","coal",2017-06-01
2037-01-01,FALSE,,0.143627670464365,0.125572648080049,"NOx","coal",2017-06-01
2037-02-01,FALSE,,0.143627670464365,0.125572648080049,"NOx","coal",2017-06-01
2037-03-01,FALSE,,0.143627670464365,0.125572648080049,"NOx","coal",2017-06-01
2037-04-01,FALSE,,0.143627670464365,0.125572648080049,"NOx","coal",2017-06-01
2037-05-01,FALSE,,0.143627670464365,0.125572648080049,"NOx","coal",2017-06-01
2037-06-01,FALSE,,0.143627670464365,0.125572648080049,"NOx","coal",2017-06-01
2037-07-01,FALSE,,0.143627670464365,0.125572648080049,"NOx","coal",2017-06-01
2037-08-01,FALSE,,0.143627670464365,0.125572648080049,"NOx","coal",2017-06-01
2037-09-01,FALSE,,0.143627670464365,0.125572648080049,"NOx","coal",2017-06-01
2037-10-01,FALSE,,0.143627670464365,0.125572648080049,"NOx","coal",2017-06-01
2037-11-01,FALSE,,0.143627670464365,0.125572648080049,"NOx","coal",2017-06-01
2037-12-01,FALSE,,0.143627670464365,0.125572648080049,"NOx","coal",2017-06-01
2038-01-01,FALSE,,0.143627670464365,0.125572648080049,"NOx","coal",2017-06-01
2038-02-01,FALSE,,0.143627670464365,0.125572648080049,"NOx","coal",2017-06-01
2038-03-01,FALSE,,0.143627670464365,0.125572648080049,"NOx","coal",2017-06-01
2038-04-01,FALSE,,0.143627670464365,0.125572648080049,"NOx","coal",2017-06-01
2038-05-01,FALSE,,0.143627670464365,0.125572648080049,"NOx","coal",2017-06-01
2038-06-01,FALSE,,0.143627670464365,0.125572648080049,"NOx","coal",2017-06-01
2038-07-01,FALSE,,0.143627670464365,0.125572648080049,"NOx","coal",2017-06-01
2038-08-01,FALSE,,0.143627670464365,0.125572648080049,"NOx","coal",2017-06-01
2038-09-01,FALSE,,0.143627670464365,0.125572648080049,"NOx","coal",2017-06-01
2038-10-01,FALSE,,0.143627670464365,0.125572648080049,"NOx","coal",2017-06-01
2038-11-01,FALSE,,0.143627670464365,0.125572648080049,"NOx","coal",2017-06-01
2038-12-01,FALSE,,0.143627670464365,0.125572648080049,"NOx","coal",2017-06-01
2039-01-01,FALSE,,0.143627670464365,0.125572648080049,"NOx","coal",2017-06-01
2039-02-01,FALSE,,0.143627670464365,0.125572648080049,"NOx","coal",2017-06-01
2039-03-01,FALSE,,0.143627670464365,0.125572648080049,"NOx","coal",2017-06-01
2039-04-01,FALSE,,0.143627670464365,0.125572648080049,"NOx","coal",2017-06-01
2039-05-01,FALSE,,0.143627670464365,0.125572648080049,"NOx","coal",2017-06-01
2039-06-01,FALSE,,0.143627670464365,0.125572648080049,"NOx","coal",2017-06-01
2039-07-01,FALSE,,0.143627670464365,0.125572648080049,"NOx","coal",2017-06-01
2039-08-01,FALSE,,0.143627670464365,0.125572648080049,"NOx","coal",2017-06-01
2039-09-01,FALSE,,0.143627670464365,0.125572648080049,"NOx","coal",2017-06-01
2039-10-01,FALSE,,0.143627670464365,0.125572648080049,"NOx","coal",2017-06-01
2039-11-01,FALSE,,0.143627670464365,0.125572648080049,"NOx","coal",2017-06-01
2039-12-01,FALSE,,0.143627670464365,0.125572648080049,"NOx","coal",2017-06-01
2040-01-01,FALSE,,0.143627670464365,0.125572648080049,"NOx","coal",2017-06-01
2040-02-01,FALSE,,0.143627670464365,0.125572648080049,"NOx","coal",2017-06-01
2040-03-01,FALSE,,0.143627670464365,0.125572648080049,"NOx","coal",2017-06-01
2040-04-01,FALSE,,0.143627670464365,0.125572648080049,"NOx","coal",2017-06-01
2040-05-01,FALSE,,0.143627670464365,0.125572648080049,"NOx","coal",2017-06-01
2040-06-01,FALSE,,0.143627670464365,0.125572648080049,"NOx","coal",2017-06-01
2040-07-01,FALSE,,0.143627670464365,0.125572648080049,"NOx","coal",2017-06-01
2040-08-01,FALSE,,0.143627670464365,0.125572648080049,"NOx","coal",2017-06-01
2040-09-01,FALSE,,0.143627670464365,0.125572648080049,"NOx","coal",2017-06-01
2040-10-01,FALSE,,0.143627670464365,0.125572648080049,"NOx","coal",2017-06-01
2040-11-01,FALSE,,0.143627670464365,0.125572648080049,"NOx","coal",2017-06-01
2040-12-01,FALSE,,0.143627670464365,0.125572648080049,"NOx","coal",2017-06-01
2041-01-01,FALSE,,0.143627670464365,0.125572648080049,"NOx","coal",2017-06-01
2041-02-01,FALSE,,0.143627670464365,0.125572648080049,"NOx","coal",2017-06-01
2041-03-01,FALSE,,0.143627670464365,0.125572648080049,"NOx","coal",2017-06-01
2041-04-01,FALSE,,0.143627670464365,0.125572648080049,"NOx","coal",2017-06-01
2041-05-01,FALSE,,0.143627670464365,0.125572648080049,"NOx","coal",2017-06-01
2041-06-01,FALSE,,0.143627670464365,0.125572648080049,"NOx","coal",2017-06-01
2041-07-01,FALSE,,0.143627670464365,0.125572648080049,"NOx","coal",2017-06-01
2041-08-01,FALSE,,0.143627670464365,0.125572648080049,"NOx","coal",2017-06-01
2041-09-01,FALSE,,0.143627670464365,0.125572648080049,"NOx","coal",2017-06-01
2041-10-01,FALSE,,0.143627670464365,0.125572648080049,"NOx","coal",2017-06-01
2041-11-01,FALSE,,0.143627670464365,0.125572648080049,"NOx","coal",2017-06-01
2041-12-01,FALSE,,0.143627670464365,0.125572648080049,"NOx","coal",2017-06-01
2042-01-01,FALSE,,0.143627670464365,0.125572648080049,"NOx","coal",2017-06-01
2042-02-01,FALSE,,0.143627670464365,0.125572648080049,"NOx","coal",2017-06-01
2042-03-01,FALSE,,0.143627670464365,0.125572648080049,"NOx","coal",2017-06-01
2042-04-01,FALSE,,0.143627670464365,0.125572648080049,"NOx","coal",2017-06-01
2042-05-01,FALSE,,0.143627670464365,0.125572648080049,"NOx","coal",2017-06-01
2042-06-01,FALSE,,0.143627670464365,0.125572648080049,"NOx","coal",2017-06-01
2042-07-01,FALSE,,0.143627670464365,0.125572648080049,"NOx","coal",2017-06-01
2042-08-01,FALSE,,0.143627670464365,0.125572648080049,"NOx","coal",2017-06-01
2042-09-01,FALSE,,0.143627670464365,0.125572648080049,"NOx","coal",2017-06-01
2042-10-01,FALSE,,0.143627670464365,0.125572648080049,"NOx","coal",2017-06-01
2042-11-01,FALSE,,0.143627670464365,0.125572648080049,"NOx","coal",2017-06-01
2042-12-01,FALSE,,0.143627670464365,0.125572648080049,"NOx","coal",2017-06-01
2043-01-01,FALSE,,0.143627670464365,0.125572648080049,"NOx","coal",2017-06-01
2043-02-01,FALSE,,0.143627670464365,0.125572648080049,"NOx","coal",2017-06-01
2043-03-01,FALSE,,0.143627670464365,0.125572648080049,"NOx","coal",2017-06-01
2043-04-01,FALSE,,0.143627670464365,0.125572648080049,"NOx","coal",2017-06-01
2043-05-01,FALSE,,0.143627670464365,0.125572648080049,"NOx","coal",2017-06-01
2043-06-01,FALSE,,0.143627670464365,0.125572648080049,"NOx","coal",2017-06-01
2043-07-01,FALSE,,0.143627670464365,0.125572648080049,"NOx","coal",2017-06-01
2043-08-01,FALSE,,0.143627670464365,0.125572648080049,"NOx","coal",2017-06-01
2043-09-01,FALSE,,0.143627670464365,0.125572648080049,"NOx","coal",2017-06-01
2043-10-01,FALSE,,0.143627670464365,0.125572648080049,"NOx","coal",2017-06-01
2043-11-01,FALSE,,0.143627670464365,0.125572648080049,"NOx","coal",2017-06-01
2043-12-01,FALSE,,0.143627670464365,0.125572648080049,"NOx","coal",2017-06-01
2044-01-01,FALSE,,0.143627670464365,0.125572648080049,"NOx","coal",2017-06-01
2044-02-01,FALSE,,0.143627670464365,0.125572648080049,"NOx","coal",2017-06-01
2044-03-01,FALSE,,0.143627670464365,0.125572648080049,"NOx","coal",2017-06-01
2044-04-01,FALSE,,0.143627670464365,0.125572648080049,"NOx","coal",2017-06-01
2044-05-01,FALSE,,0.143627670464365,0.125572648080049,"NOx","coal",2017-06-01
2044-06-01,FALSE,,0.143627670464365,0.125572648080049,"NOx","coal",2017-06-01
2044-07-01,FALSE,,0.143627670464365,0.125572648080049,"NOx","coal",2017-06-01
2044-08-01,FALSE,,0.143627670464365,0.125572648080049,"NOx","coal",2017-06-01
2044-09-01,FALSE,,0.143627670464365,0.125572648080049,"NOx","coal",2017-06-01
2044-10-01,FALSE,,0.143627670464365,0.125572648080049,"NOx","coal",2017-06-01
2044-11-01,FALSE,,0.143627670464365,0.125572648080049,"NOx","coal",2017-06-01
2044-12-01,FALSE,,0.143627670464365,0.125572648080049,"NOx","coal",2017-06-01
2045-01-01,FALSE,,0.143627670464365,0.125572648080049,"NOx","coal",2017-06-01
2045-02-01,FALSE,,0.143627670464365,0.125572648080049,"NOx","coal",2017-06-01
2045-03-01,FALSE,,0.143627670464365,0.125572648080049,"NOx","coal",2017-06-01
2045-04-01,FALSE,,0.143627670464365,0.125572648080049,"NOx","coal",2017-06-01
2045-05-01,FALSE,,0.143627670464365,0.125572648080049,"NOx","coal",2017-06-01
2045-06-01,FALSE,,0.143627670464365,0.125572648080049,"NOx","coal",2017-06-01
2045-07-01,FALSE,,0.143627670464365,0.125572648080049,"NOx","coal",2017-06-01
2045-08-01,FALSE,,0.143627670464365,0.125572648080049,"NOx","coal",2017-06-01
2045-09-01,FALSE,,0.143627670464365,0.125572648080049,"NOx","coal",2017-06-01
2045-10-01,FALSE,,0.143627670464365,0.125572648080049,"NOx","coal",2017-06-01
2045-11-01,FALSE,,0.143627670464365,0.125572648080049,"NOx","coal",2017-06-01
2045-12-01,FALSE,,0.143627670464365,0.125572648080049,"NOx","coal",2017-06-01
2046-01-01,FALSE,,0.143627670464365,0.125572648080049,"NOx","coal",2017-06-01
2046-02-01,FALSE,,0.143627670464365,0.125572648080049,"NOx","coal",2017-06-01
2046-03-01,FALSE,,0.143627670464365,0.125572648080049,"NOx","coal",2017-06-01
2046-04-01,FALSE,,0.143627670464365,0.125572648080049,"NOx","coal",2017-06-01
2046-05-01,FALSE,,0.143627670464365,0.125572648080049,"NOx","coal",2017-06-01
2046-06-01,FALSE,,0.143627670464365,0.125572648080049,"NOx","coal",2017-06-01
2046-07-01,FALSE,,0.143627670464365,0.125572648080049,"NOx","coal",2017-06-01
2046-08-01,FALSE,,0.143627670464365,0.125572648080049,"NOx","coal",2017-06-01
2046-09-01,FALSE,,0.143627670464365,0.125572648080049,"NOx","coal",2017-06-01
2046-10-01,FALSE,,0.143627670464365,0.125572648080049,"NOx","coal",2017-06-01
2046-11-01,FALSE,,0.143627670464365,0.125572648080049,"NOx","coal",2017-06-01
2046-12-01,FALSE,,0.143627670464365,0.125572648080049,"NOx","coal",2017-06-01
2047-01-01,FALSE,,0.143627670464365,0.125572648080049,"NOx","coal",2017-06-01
2047-02-01,FALSE,,0.143627670464365,0.125572648080049,"NOx","coal",2017-06-01
2047-03-01,FALSE,,0.143627670464365,0.125572648080049,"NOx","coal",2017-06-01
2047-04-01,FALSE,,0.143627670464365,0.125572648080049,"NOx","coal",2017-06-01
2047-05-01,FALSE,,0.143627670464365,0.125572648080049,"NOx","coal",2017-06-01
2047-06-01,FALSE,,0.143627670464365,0.125572648080049,"NOx","coal",2017-06-01
2047-07-01,FALSE,,0.143627670464365,0.125572648080049,"NOx","coal",2017-06-01
2047-08-01,FALSE,,0.143627670464365,0.125572648080049,"NOx","coal",2017-06-01
2047-09-01,FALSE,,0.143627670464365,0.125572648080049,"NOx","coal",2017-06-01
2047-10-01,FALSE,,0.143627670464365,0.125572648080049,"NOx","coal",2017-06-01
2047-11-01,FALSE,,0.143627670464365,0.125572648080049,"NOx","coal",2017-06-01
2047-12-01,FALSE,,0.143627670464365,0.125572648080049,"NOx","coal",2017-06-01
2048-01-01,FALSE,,0.143627670464365,0.125572648080049,"NOx","coal",2017-06-01
2048-02-01,FALSE,,0.143627670464365,0.125572648080049,"NOx","coal",2017-06-01
2048-03-01,FALSE,,0.143627670464365,0.125572648080049,"NOx","coal",2017-06-01
2048-04-01,FALSE,,0.143627670464365,0.125572648080049,"NOx","coal",2017-06-01
2048-05-01,FALSE,,0.143627670464365,0.125572648080049,"NOx","coal",2017-06-01
2048-06-01,FALSE,,0.143627670464365,0.125572648080049,"NOx","coal",2017-06-01
2048-07-01,FALSE,,0.143627670464365,0.125572648080049,"NOx","coal",2017-06-01
2048-08-01,FALSE,,0.143627670464365,0.125572648080049,"NOx","coal",2017-06-01
2048-09-01,FALSE,,0.143627670464365,0.125572648080049,"NOx","coal",2017-06-01
2048-10-01,FALSE,,0.143627670464365,0.125572648080049,"NOx","coal",2017-06-01
2048-11-01,FALSE,,0.143627670464365,0.125572648080049,"NOx","coal",2017-06-01
2048-12-01,FALSE,,0.143627670464365,0.125572648080049,"NOx","coal",2017-06-01
2049-01-01,FALSE,,0.143627670464365,0.125572648080049,"NOx","coal",2017-06-01
2049-02-01,FALSE,,0.143627670464365,0.125572648080049,"NOx","coal",2017-06-01
2049-03-01,FALSE,,0.143627670464365,0.125572648080049,"NOx","coal",2017-06-01
2049-04-01,FALSE,,0.143627670464365,0.125572648080049,"NOx","coal",2017-06-01
2049-05-01,FALSE,,0.143627670464365,0.125572648080049,"NOx","coal",2017-06-01
2049-06-01,FALSE,,0.143627670464365,0.125572648080049,"NOx","coal",2017-06-01
2049-07-01,FALSE,,0.143627670464365,0.125572648080049,"NOx","coal",2017-06-01
2049-08-01,FALSE,,0.143627670464365,0.125572648080049,"NOx","coal",2017-06-01
2049-09-01,FALSE,,0.143627670464365,0.125572648080049,"NOx","coal",2017-06-01
2049-10-01,FALSE,,0.143627670464365,0.125572648080049,"NOx","coal",2017-06-01
2049-11-01,FALSE,,0.143627670464365,0.125572648080049,"NOx","coal",2017-06-01
2049-12-01,FALSE,,0.143627670464365,0.125572648080049,"NOx","coal",2017-06-01
2050-01-01,FALSE,,0.143627670464365,0.125572648080049,"NOx","coal",2017-06-01
2050-02-01,FALSE,,0.143627670464365,0.125572648080049,"NOx","coal",2017-06-01
2050-03-01,FALSE,,0.143627670464365,0.125572648080049,"NOx","coal",2017-06-01
2050-04-01,FALSE,,0.143627670464365,0.125572648080049,"NOx","coal",2017-06-01
2050-05-01,FALSE,,0.143627670464365,0.125572648080049,"NOx","coal",2017-06-01
2050-06-01,FALSE,,0.143627670464365,0.125572648080049,"NOx","coal",2017-06-01
2050-07-01,FALSE,,0.143627670464365,0.125572648080049,"NOx","coal",2017-06-01
2050-08-01,FALSE,,0.143627670464365,0.125572648080049,"NOx","coal",2017-06-01
2050-09-01,FALSE,,0.143627670464365,0.125572648080049,"NOx","coal",2017-06-01
2050-10-01,FALSE,,0.143627670464365,0.125572648080049,"NOx","coal",2017-06-01
2050-11-01,FALSE,,0.143627670464365,0.125572648080049,"NOx","coal",2017-06-01
2050-12-01,FALSE,,0.143627670464365,0.125572648080049,"NOx","coal",2017-06-01
