"energy_type_clean","date","emissions_kg","generation_mwh","emissions_kg_ma6"
"natural_gas",2002-01-01,176500,329376,176500
"natural_gas",2002-02-01,132500,212606,154500
"natural_gas",2002-03-01,174000,281808,161000
"natural_gas",2002-04-01,180600,272163,165900
"natural_gas",2002-05-01,176000,273185,167920
"natural_gas",2002-06-01,199000,323814,173100
"natural_gas",2002-07-01,228700,498912,181800
"natural_gas",2002-08-01,253100,568461,201900
"natural_gas",2002-09-01,135000,305790,195400
"natural_gas",2002-10-01,152900,318941,190783.333333333
"natural_gas",2002-11-01,177800,397812,191083.333333333
"natural_gas",2002-12-01,140500,319992,181333.333333333
"natural_gas",2003-01-01,193800,359037,175516.666666667
"natural_gas",2003-02-01,48500,121484,141416.666666667
"natural_gas",2003-03-01,151800,316097,144216.666666667
"natural_gas",2003-04-01,176700,357746,148183.333333333
"natural_gas",2003-05-01,180500,368379,148633.333333333
"natural_gas",2003-06-01,241200,504945,165416.666666667
"natural_gas",2003-07-01,257100,619371,175966.666666667
"natural_gas",2003-08-01,276300,604974,213933.333333333
"natural_gas",2003-09-01,174400,370159,217700
"natural_gas",2003-10-01,170200,343732,216616.666666667
"natural_gas",2003-11-01,178800,354496,216333.333333333
"natural_gas",2003-12-01,192700,367201,208250
"natural_gas",2004-01-01,239800,475679,205366.666666667
"natural_gas",2004-02-01,297000,629538,208816.666666667
"natural_gas",2004-03-01,271100,601730,224933.333333333
"natural_gas",2004-04-01,158100,405178,222916.666666667
"natural_gas",2004-05-01,269300,655200,238000
"natural_gas",2004-06-01,270000,706708,250883.333333333
"natural_gas",2004-07-01,292200,772942,259616.666666667
"natural_gas",2004-08-01,263700,744085,254066.666666667
"natural_gas",2004-09-01,204900,562344,243033.333333333
"natural_gas",2004-10-01,261000,720460,260183.333333333
"natural_gas",2004-11-01,141200,431645,238833.333333333
"natural_gas",2004-12-01,264200,774575,237866.666666667
"natural_gas",2005-01-01,182800,604170,219633.333333333
"oil_and_natural_gas",2005-01-01,861000,900595,861000
"natural_gas",2005-02-01,120000,407792,195683.333333333
"oil_and_natural_gas",2005-02-01,796600,763260,828800
"natural_gas",2005-03-01,210300,732306,196583.333333333
"oil_and_natural_gas",2005-03-01,969200,949981,875600
"natural_gas",2005-04-01,98100,348109,169433.333333333
"oil_and_natural_gas",2005-04-01,785200,767757,853000
"natural_gas",2005-05-01,74200,328093,158266.666666667
"oil_and_natural_gas",2005-05-01,512800,500886,784960
"natural_gas",2005-06-01,125100,594983,135083.333333333
"oil_and_natural_gas",2005-06-01,145900,132487,678450
"natural_gas",2005-07-01,138800,670579,127750
"oil_and_natural_gas",2005-07-01,185900,175300,565933.333333333
"natural_gas",2005-08-01,138400,692153,130816.666666667
"oil_and_natural_gas",2005-08-01,139600,110614,456433.333333333
"natural_gas",2005-09-01,101400,576196,112666.666666667
"oil_and_natural_gas",2005-09-01,152800,151597,320366.666666667
"natural_gas",2005-10-01,102500,498974,113400
"oil_and_natural_gas",2005-10-01,175700,173328,218783.333333333
"natural_gas",2005-11-01,77200,538854,113900
"oil_and_natural_gas",2005-11-01,355400,328795,192550
"natural_gas",2005-12-01,98100,804149,109400
"oil_and_natural_gas",2005-12-01,542400,543355,258633.333333333
"natural_gas",2006-01-01,69600,490521,97866.6666666667
"oil_and_natural_gas",2006-01-01,836600,812268,367083.333333333
"natural_gas",2006-02-01,94100,701406,90483.3333333333
"oil_and_natural_gas",2006-02-01,427100,408155,415000
"natural_gas",2006-03-01,129400,1008373,95150
"oil_and_natural_gas",2006-03-01,527500,509331,477450
"natural_gas",2006-04-01,130000,986208,99733.3333333333
"oil_and_natural_gas",2006-04-01,304200,274349,498866.666666667
"natural_gas",2006-05-01,93600,774358,102466.666666667
"oil_and_natural_gas",2006-05-01,101400,90889,456533.333333333
"natural_gas",2006-06-01,195000,833249,118616.666666667
"oil_and_natural_gas",2006-06-01,188400,166573,397533.333333333
"natural_gas",2006-07-01,89400,631997,121916.666666667
"oil_and_natural_gas",2006-07-01,149800,136359,283066.666666667
"natural_gas",2006-08-01,113900,790738,125216.666666667
"oil_and_natural_gas",2006-08-01,366000,332585,272883.333333333
"natural_gas",2006-09-01,97400,716332,119883.333333333
"oil_and_natural_gas",2006-09-01,202200,199363,218666.666666667
"natural_gas",2006-10-01,70900,542123,110033.333333333
"oil_and_natural_gas",2006-10-01,135700,128286,190583.333333333
"natural_gas",2006-11-01,94900,662121,110250
"oil_and_natural_gas",2006-11-01,731700,865920,295633.333333333
"natural_gas",2006-12-01,170900,944214,106233.333333333
"oil_and_natural_gas",2006-12-01,726400,942364,385300
"natural_gas",2007-01-01,154300,1051255,117050
"oil_and_natural_gas",2007-01-01,515800,701266,446300
"natural_gas",2007-02-01,144600,981038,122166.666666667
"oil_and_natural_gas",2007-02-01,436200,645803,458000
"natural_gas",2007-03-01,172600,1214751,134700
"oil_and_natural_gas",2007-03-01,393400,789267,489866.666666667
"natural_gas",2007-04-01,124900,975927,143700
"oil_and_natural_gas",2007-04-01,268400,527961,511983.333333333
"natural_gas",2007-05-01,139000,945464,151050
"oil_and_natural_gas",2007-05-01,355900,870944,449350
"natural_gas",2007-06-01,146400,959087,146966.666666667
"oil_and_natural_gas",2007-06-01,171000,397967,356783.333333333
"natural_gas",2007-07-01,139200,938508,144450
"oil_and_natural_gas",2007-07-01,107200,239819,288683.333333333
"natural_gas",2007-08-01,99000,870136,136850
"oil_and_natural_gas",2007-08-01,81600,168333,229583.333333333
"natural_gas",2007-09-01,121600,726205,128350
"oil_and_natural_gas",2007-09-01,81000,189007,177516.666666667
"natural_gas",2007-10-01,143200,976213,131400
"oil_and_natural_gas",2007-10-01,103200,256360,149983.333333333
"natural_gas",2007-11-01,156400,1001631,134300
"oil_and_natural_gas",2007-11-01,90300,245844,105716.666666667
"natural_gas",2007-12-01,192800,1200322,142033.333333333
"oil_and_natural_gas",2007-12-01,115800,319585,96516.6666666667
"coal",2008-01-01,1219100,2977918,1219100
"natural_gas",2008-01-01,244400,1459214,159566.666666667
"oil_and_natural_gas",2008-01-01,148900,439102,103466.666666667
"coal",2008-02-01,1250400,2557468,1234750
"natural_gas",2008-02-01,182000,1083643,173400
"oil_and_natural_gas",2008-02-01,129700,379351,111483.333333333
"coal",2008-03-01,1351100,2665043,1273533.33333333
"natural_gas",2008-03-01,183800,1126582,183766.666666667
"oil_and_natural_gas",2008-03-01,70600,199047,109750
"coal",2008-04-01,1242000,2565437,1265650
"natural_gas",2008-04-01,109800,843318,178200
"oil_and_natural_gas",2008-04-01,25700,72390,96833.3333333333
"coal",2008-05-01,1297900,2653026,1272100
"natural_gas",2008-05-01,130600,824627,173900
"oil_and_natural_gas",2008-05-01,19600,49678,85050
"coal",2008-06-01,1453000,2863845,1302250
"natural_gas",2008-06-01,82800,670102,155566.666666667
"oil_and_natural_gas",2008-06-01,26100,65831,70100
"coal",2008-07-01,1543700,2955328,1356350
"natural_gas",2008-07-01,125900,939197,135816.666666667
"oil_and_natural_gas",2008-07-01,126600,320331,66383.3333333333
"coal",2008-08-01,1539000,2963656,1404450
"natural_gas",2008-08-01,75600,642115,118083.333333333
"oil_and_natural_gas",2008-08-01,17500,42880,47683.3333333333
"coal",2008-09-01,1312300,2579673,1397983.33333333
"natural_gas",2008-09-01,120700,824905,107566.666666667
"oil_and_natural_gas",2008-09-01,26700,64641,40366.6666666667
"coal",2008-10-01,1293200,2620621,1406516.66666667
"natural_gas",2008-10-01,140200,1041144,112633.333333333
"oil_and_natural_gas",2008-10-01,35500,90271,42000
"coal",2008-11-01,1366700,2623665,1417983.33333333
"natural_gas",2008-11-01,124600,994928,111633.333333333
"oil_and_natural_gas",2008-11-01,18700,48510,41850
"coal",2008-12-01,1396200,2808384,1408516.66666667
"natural_gas",2008-12-01,96300,886411,113883.333333333
"oil_and_natural_gas",2008-12-01,66900,162576,48650
"coal",2009-01-01,1500300,3011422,1401283.33333333
"natural_gas",2009-01-01,89000,661518,107733.333333333
"oil_and_natural_gas",2009-01-01,207500,536368,62133.3333333333
"coal",2009-02-01,1272100,2531510,1356800
"natural_gas",2009-02-01,57800,508997,104766.666666667
"oil_and_natural_gas",2009-02-01,239600,591106,99150
"coal",2009-03-01,1408200,2738554,1372783.33333333
"natural_gas",2009-03-01,93100,664551,100166.666666667
"oil_and_natural_gas",2009-03-01,208600,472467,129466.666666667
"coal",2009-04-01,1251700,2430528,1365866.66666667
"natural_gas",2009-04-01,63900,503977,87450
"oil_and_natural_gas",2009-04-01,279700,609351,170166.666666667
"coal",2009-05-01,1222900,2441095,1341900
"natural_gas",2009-05-01,35200,236961,72550
"oil_and_natural_gas",2009-05-01,159600,279249,193650
"coal",2009-06-01,1410200,2721464,1344233.33333333
"natural_gas",2009-06-01,110500,714705,74916.6666666667
"oil_and_natural_gas",2009-06-01,14600,26586,184933.333333333
"coal",2009-07-01,1599100,2943018,1360700
"natural_gas",2009-07-01,89100,623428,74933.3333333333
"oil_and_natural_gas",2009-07-01,23600,32115,154283.333333333
"coal",2009-08-01,1603800,2938397,1415983.33333333
"natural_gas",2009-08-01,97100,646391,81483.3333333333
"oil_and_natural_gas",2009-08-01,95200,132280,130216.666666667
"coal",2009-09-01,1556000,2932563,1440616.66666667
"natural_gas",2009-09-01,137700,763975,88916.6666666667
"oil_and_natural_gas",2009-09-01,27500,42624,100033.333333333
"coal",2009-10-01,1410300,2764861,1467050
"natural_gas",2009-10-01,84300,594711,92316.6666666667
"oil_and_natural_gas",2009-10-01,12400,19199,55483.3333333333
"coal",2009-11-01,1480300,2959010,1509950
"natural_gas",2009-11-01,151900,937036,111766.666666667
"oil_and_natural_gas",2009-11-01,189900,382463,60533.3333333333
"coal",2009-12-01,1304100,2670587,1492266.66666667
"natural_gas",2009-12-01,199100,1221458,126533.333333333
"oil_and_natural_gas",2009-12-01,232300,520415,96816.6666666667
"bio_oil_and_diesel",2010-01-01,23239,112324.9,23239
"coal",2010-01-01,4550989.5285,9600710.079,1984248.25475
"natural_gas",2010-01-01,1051652.5883,3586950.683,286958.764716667
"oil",2010-01-01,269420.7223,548127.138,269420.7223
"oil_and_natural_gas",2010-01-01,266000,556787,137216.666666667
"bio_oil_and_diesel",2010-02-01,21743,106096.5,22491
"coal",2010-02-01,3823124.0866,8295897.658,2354135.60251667
"natural_gas",2010-02-01,891633.5538,3026835.355,419381.023683333
"oil",2010-02-01,192944.4364,417311.354,231182.57935
"oil_and_natural_gas",2010-02-01,182300,316897,151733.333333333
"bio_oil_and_diesel",2010-03-01,23209,111928,22730.3333333333
"coal",2010-03-01,4206959.1302,8922005.184,2795962.12421667
"natural_gas",2010-03-01,987651.9246,3621706.556,561039.677783333
"oil",2010-03-01,233877.3986,388382.346,232080.852433333
"oil_and_natural_gas",2010-03-01,222300,402506,184200
"bio_oil_and_diesel",2010-04-01,20540,97263.7,22182.75
"coal",2010-04-01,3628991.526,7793134.598,3165744.04521667
"natural_gas",2010-04-01,877709.7164,3168739.062,693274.630516667
"oil",2010-04-01,78416.645,238168.204,193664.800575
"oil_and_natural_gas",2010-04-01,152300,199693,207516.666666667
"bio_oil_and_diesel",2010-05-01,23636,110292.1,22473.4
"coal",2010-05-01,3740339.3746,7900901.967,3542417.27431667
"natural_gas",2010-05-01,651695.112,2402593.505,776573.81585
"oil",2010-05-01,75918.0626,200965.168,170115.45298
"oil_and_natural_gas",2010-05-01,109400,189862,194100
"bio_oil_and_diesel",2010-06-01,24190,113800.7,22759.5
"coal",2010-06-01,4006861.6382,8466356.814,3992877.54735
"natural_gas",2010-06-01,684668.8703,2387215.607,857501.9609
"oil",2010-06-01,185183.6004,264312.136,172626.810883333
"oil_and_natural_gas",2010-06-01,105600,155532,172983.333333333
"bio_oil_and_diesel",2010-07-01,23706,109452.5,22837.3333333333
"coal",2010-07-01,4779992.5408,9535802.557,4031044.71606667
"natural_gas",2010-07-01,696363.1924,2443724.728,798287.061583333
"oil",2010-07-01,221248.0139,340937.092,164598.02615
"oil_and_natural_gas",2010-07-01,138900,189444,151800
"bio_oil_and_diesel",2010-08-01,26259,119718,23590
"coal",2010-08-01,4819476.1044,9743592.528,4197103.3857
"natural_gas",2010-08-01,718394.6177,2881061.608,769413.905566667
"oil",2010-08-01,199433.0493,336358.798,165679.461633333
"oil_and_natural_gas",2010-08-01,172500,233223,150166.666666667
"bio_oil_and_diesel",2010-09-01,22932,98102,23543.8333333333
"coal",2010-09-01,4452144.2291,9150803.81,4237967.56885
"natural_gas",2010-09-01,698242.4572,2645523.041,721178.994333333
"oil",2010-09-01,134656.1607,218616.339,149142.58865
"oil_and_natural_gas",2010-09-01,138000,186502,136116.666666667
"bio_oil_and_diesel",2010-10-01,14254,67453.9,22496.1666666667
"coal",2010-10-01,4488680.511,9079936.913,4381249.06635
"natural_gas",2010-10-01,738330.0518,2657271.962,697949.050233333
"oil",2010-10-01,73438.2559,118962.363,148312.857133333
"oil_and_natural_gas",2010-10-01,52900,86847,119550
"bio_oil_and_diesel",2010-11-01,25215,115135.9,22759.3333333333
"coal",2010-11-01,4071624.6237,8693029.666,4436463.27453333
"natural_gas",2010-11-01,1055992.3666,3661696.382,765331.926
"oil",2010-11-01,8703.3831,12475.252,137110.41055
"oil_and_natural_gas",2010-11-01,88000,159238,115983.333333333
"bio_oil_and_diesel",2010-12-01,25121,113177.5,22914.5
"coal",2010-12-01,4240131.9973,9084906.48,4475341.66771667
"natural_gas",2010-12-01,1385823.6385,4740052.407,882191.054033333
"oil",2010-12-01,319635.9241,442661.844,159519.131166667
"oil_and_natural_gas",2010-12-01,277600,469585,144650
"bio_oil_and_diesel",2011-01-01,25777,119814.5,23259.6666666667
"coal",2011-01-01,4227273.6336,9661630.548,4383221.84985
"natural_gas",2011-01-01,1641794.3356,5297326.586,1039762.91123333
"oil",2011-01-01,488650.2851,821544.252,204086.176366667
"oil_and_natural_gas",2011-01-01,274500,606971,167250
"bio_oil_and_diesel",2011-02-01,20975,97014.6,22379
"coal",2011-02-01,3736024.7244,8270466.699,4202646.61985
"natural_gas",2011-02-01,1095736.6619,3571529.912,1102653.25193333
"oil",2011-02-01,173358.6614,360292.407,199740.44505
"oil_and_natural_gas",2011-02-01,116700,210557,157950
"bio_oil_and_diesel",2011-03-01,29485,117877.6,23471.1666666667
"coal",2011-03-01,4101212.2942,8826774.621,4144157.96403333
"natural_gas",2011-03-01,1254732.3724,4388161.22,1195401.57113333
"oil",2011-03-01,279947.251,542130.697,223955.626766667
"oil_and_natural_gas",2011-03-01,156100,273978,160966.666666667
"bio_oil_and_diesel",2011-04-01,37869,104419.1,27407
"coal",2011-04-01,3644445.6031,7962411.121,4003452.14605
"natural_gas",2011-04-01,1090822.7749,3737255.537,1254150.35831667
"oil",2011-04-01,27927.2856,57202.948,216370.46505
"oil_and_natural_gas",2011-04-01,197200,258353,185016.666666667
"bio_oil_and_diesel",2011-05-01,38781,106204.9,29668
"coal",2011-05-01,3708408.7334,7932640.042,3942916.16433333
"natural_gas",2011-05-01,794473.641,2723416.597,1210563.90405
"oil_and_natural_gas",2011-05-01,33800,64999,175983.333333333
"bio_oil_and_diesel",2011-06-01,39205,109019.9,32015.3333333333
"coal",2011-06-01,4022763.7318,8276996.31,3906688.12008333
"natural_gas",2011-06-01,794537.1684,3108996.282,1112016.15903333
"oil",2011-06-01,234927.1893,300922.093,254074.43275
"oil_and_natural_gas",2011-06-01,142200,257417,153416.666666667
"bio_oil_and_diesel",2011-07-01,40593,112658.3,34484.6666666667
"coal",2011-07-01,4691780.1544,9607051.394,3984105.87355
"natural_gas",2011-07-01,855176.6782,2823736.368,980913.216133333
"oil",2011-07-01,76450.5567,102508.34,213543.538183333
"oil_and_natural_gas",2011-07-01,41500,65888,114583.333333333
"bio_oil_and_diesel",2011-08-01,41011,116750.6,37824
"coal",2011-08-01,4555442.7397,9557836.752,4120675.54276667
"natural_gas",2011-08-01,845544.2991,2746197.243,939214.489
"oil",2011-08-01,36509.1845,46040.284,138186.688083333
"oil_and_natural_gas",2011-08-01,47600,87788,103066.666666667
"bio_oil_and_diesel",2011-09-01,38514,105784.9,39328.8333333333
"coal",2011-09-01,4242524.364,8819140.194,4144227.5544
"natural_gas",2011-09-01,828386.8424,3043799.309,868156.900666667
"oil",2011-09-01,160738.4205,273110.171,136083.3146
"oil_and_natural_gas",2011-09-01,117600,195527,96650
"bio_oil_and_diesel",2011-10-01,23050,67976.1,36859
"coal",2011-10-01,4653195.7149,9609025.425,4312352.57303333
"natural_gas",2011-10-01,692294.9971,2420007.203,801735.604366667
"oil",2011-10-01,32117.5582,84896.248,94778.3658
"oil_and_natural_gas",2011-10-01,55800,84842,73083.3333333333
"bio_oil_and_diesel",2011-11-01,36716,107309.5,36514.8333333333
"coal",2011-11-01,4358962.3283,9031969.142,4420778.17218333
"natural_gas",2011-11-01,904544.4514,3191917.992,820080.739433333
"oil",2011-11-01,74481.9406,103238.337,102537.474966667
"oil_and_natural_gas",2011-11-01,101700,187186,84400
"bio_oil_and_diesel",2011-12-01,39712,115584.6,36599.3333333333
"coal",2011-12-01,4567520.3488,9678002.772,4511570.94168333
"natural_gas",2011-12-01,1360716.4011,4444938.947,914443.944883333
"oil",2011-12-01,221142.8789,325193.508,100240.0899
"oil_and_natural_gas",2011-12-01,152900,315707,86183.3333333333
"bio_oil_and_diesel",2012-01-01,42677,124290.4,36946.6666666667
"coal",2012-01-01,4490719.2542,9606218.774,4478060.79165
"natural_gas",2012-01-01,1290440.335,4107000.968,986987.887683333
"oil",2012-01-01,231218.9369,371447.121,126034.819933333
"oil_and_natural_gas",2012-01-01,141700,314612,102883.333333333
"bio_oil_and_diesel",2012-02-01,37402,109871.2,36345.1666666667
"coal",2012-02-01,4272300.7968,9079032.453,4430870.46783333
"natural_gas",2012-02-01,1350572.412,4392169.995,1071159.23983333
"oil",2012-02-01,295653.5245,465464.396,169225.543266667
"oil_and_natural_gas",2012-02-01,143300,315088,118833.333333333
"bio_oil_and_diesel",2012-03-01,40643,114751.5,36700
"coal",2012-03-01,4459446.6731,9283275.27,4467024.18601667
"natural_gas",2012-03-01,1322534.1271,4174276.376,1153517.12061667
"oil",2012-03-01,351323.3206,526119.54,200989.693283333
"oil_and_natural_gas",2012-03-01,142400,317643,122966.666666667
"bio_oil_and_diesel",2012-04-01,35910,103279.5,38843.3333333333
"coal",2012-04-01,3578227.9569,7559439.272,4287862.89301667
"natural_gas",2012-04-01,1156873.2368,3863605.034,1230946.82723333
"oil",2012-04-01,297738.3785,558424.725,245259.83
"oil_and_natural_gas",2012-04-01,210700,425772,148783.333333333
"bio_oil_and_diesel",2012-05-01,39853,114456.1,39366.1666666667
"coal",2012-05-01,3782755.8973,8093215.806,4191828.48785
"natural_gas",2012-05-01,992240.7238,3533317.863,1245562.87263333
"oil",2012-05-01,349784.6853,570036.769,291143.620783333
"oil_and_natural_gas",2012-05-01,164100,401554,159183.333333333
"bio_oil_and_diesel",2012-06-01,37119,102371.6,38934
"coal",2012-06-01,4025548.776,8634073.352,4101499.89238333
"natural_gas",2012-06-01,959120.0022,3246557.734,1178630.13948333
"oil",2012-06-01,445464.5362,634889.038,328530.563666667
"oil_and_natural_gas",2012-06-01,110500,247308,152116.666666667
"bio_oil_and_diesel",2012-07-01,43293,118762.5,39036.6666666667
"coal",2012-07-01,4526947.5926,9359355.259,4107537.94878333
"natural_gas",2012-07-01,956829.1301,3465653.289,1123028.272
"oil",2012-07-01,492534.558,681315.959,372083.167183333
"oil_and_natural_gas",2012-07-01,158600,356358,154933.333333333
"bio_oil_and_diesel",2012-08-01,45227,117896.7,40340.8333333333
"coal",2012-08-01,4745864.0546,9602901.668,4186465.15841667
"natural_gas",2012-08-01,814195.9016,3158147.888,1033632.18693333
"oil",2012-08-01,464762.6565,659252.6,400268.022516667
"oil_and_natural_gas",2012-08-01,105700,231672,148666.666666667
"bio_oil_and_diesel",2012-09-01,28734,96070.6,38356
"coal",2012-09-01,4249920.097,8596426.137,4151544.0624
"natural_gas",2012-09-01,714314.7623,2546676.787,932262.2928
"oil",2012-09-01,129494.9945,211027.146,363296.634833333
"oil_and_natural_gas",2012-09-01,34700,69457,130716.666666667
"bio_oil_and_diesel",2012-10-01,20436,74755.4,35777
"coal",2012-10-01,4110212.2764,8299161.71,4240208.11565
"natural_gas",2012-10-01,892850.9103,2819386.446,888258.571716667
"oil",2012-10-01,341715.1542,397856.265,370626.09745
"oil_and_natural_gas",2012-10-01,110400,246625,114000
"bio_oil_and_diesel",2012-11-01,32534,119564.9,34557.1666666667
"coal",2012-11-01,4566697.9958,8801796.362,4370865.13206667
"natural_gas",2012-11-01,1364431.3305,4165598.727,950290.3395
"oil",2012-11-01,473172.1603,634001.414,391190.676616667
"oil_and_natural_gas",2012-11-01,130900,315079,108466.666666667
"bio_oil_and_diesel",2012-12-01,30674,114402.2,33483
"coal",2012-12-01,5115975.5322,9678050.202,4552602.92476667
"natural_gas",2012-12-01,1571799.4885,4975764.31,1052403.58721667
"oil",2012-12-01,451504.6077,658334.868,392197.3552
"oil_and_natural_gas",2012-12-01,163700,363421,117333.333333333
"bio_oil_and_diesel",2013-01-01,30422,114621.7,31337.8333333333
"coal",2013-01-01,4921233.7353,9674152.326,4618317.28188333
"natural_gas",2013-01-01,1472113.3375,4643486.093,1138284.28845
"oil",2013-01-01,447829.2225,619352.016,384746.46595
"oil_and_natural_gas",2013-01-01,136500,263015,113650
"bio_oil_and_diesel",2013-02-01,25858,97498.1,28109.6666666667
"coal",2013-02-01,4481327.7259,8570823.133,4574227.89376667
"natural_gas",2013-02-01,1225985.6761,3897331.394,1206915.91753333
"oil",2013-02-01,271881.7525,489384.528,352599.648616667
"oil_and_natural_gas",2013-02-01,131900,249324,118016.666666667
"bio_oil_and_diesel",2013-03-01,29713,111255.1,28272.8333333333
"coal",2013-03-01,5033525.5232,9568213.719,4704828.79813333
"natural_gas",2013-03-01,1128287.1844,3797195.286,1275911.32121667
"oil",2013-03-01,249933.8455,497828.467,372672.79045
"oil_and_natural_gas",2013-03-01,107800,193741,130200
"bio_oil_and_diesel",2013-04-01,30594,112048.1,29965.8333333333
"coal",2013-04-01,4283029.8788,7889353.61,4733631.73186667
"natural_gas",2013-04-01,873878.3133,3631239.856,1272749.22171667
"oil",2013-04-01,454901.6232,663971.441,391537.20195
"oil_and_natural_gas",2013-04-01,210000,422179,146800
"bio_oil_and_diesel",2013-05-01,32193,113985.6,29909
"coal",2013-05-01,4505714.4665,8246282.949,4723467.81031667
"natural_gas",2013-05-01,1015377.6023,3690869.264,1214573.60035
"oil",2013-05-01,320083.2504,396781.072,366022.383633333
"oil_and_natural_gas",2013-05-01,163600,317668,152250
"bio_oil_and_diesel",2013-06-01,30729,106508.8,29918.1666666667
"coal",2013-06-01,4887481.3408,9128146.414,4685385.44508333
"natural_gas",2013-06-01,989439.2259,3747220.801,1117513.55658333
"oil",2013-06-01,432072.314,622673.312,362783.668016667
"oil_and_natural_gas",2013-06-01,171600,312081,153566.666666667
"bio_oil_and_diesel",2013-07-01,35127,119836.5,30702.3333333333
"coal",2013-07-01,5306044.2429,9662293.187,4749520.52968333
"natural_gas",2013-07-01,1067263.5667,3995209.369,1050038.59478333
"oil",2013-07-01,504660.168,714672.419,372255.492266667
"oil_and_natural_gas",2013-07-01,219800,408852,167450
"bio_oil_and_diesel",2013-08-01,35529,123130.6,32314.1666666667
"coal",2013-08-01,5288712.1684,9424518.099,4884084.60343333
"natural_gas",2013-08-01,1027088.4354,3825835.331,1016889.05466667
"oil",2013-08-01,502048.6564,710850.623,410616.642916667
"oil_and_natural_gas",2013-08-01,206900,412802,179950
"bio_oil_and_diesel",2013-09-01,25776,88536.8,31658
"coal",2013-09-01,4710523.1024,8505864.678,4830250.86663333
"natural_gas",2013-09-01,878380.7247,3030596.466,975237.97805
"oil",2013-09-01,234807.3094,312589.299,408095.553566667
"oil_and_natural_gas",2013-09-01,87200,165934,176516.666666667
"bio_oil_and_diesel",2013-10-01,26745,91178,31016.5
"coal",2013-10-01,4559481.4132,8219376.047,4876326.12236667
"natural_gas",2013-10-01,1086121.3504,3736697.786,1010611.81756667
"oil",2013-10-01,458879.0337,671713.788,408758.455316667
"oil_and_natural_gas",2013-10-01,159300,307961,168066.666666667
"bio_oil_and_diesel",2013-11-01,31442,115408.3,30891.3333333333
"coal",2013-11-01,4614910.4768,8352379.538,4894525.45741667
"natural_gas",2013-11-01,1381290.3491,4512102.151,1071597.27536667
"oil",2013-11-01,423074.1908,610821.028,425923.61205
"oil_and_natural_gas",2013-11-01,162700,312867,167916.666666667
"bio_oil_and_diesel",2013-12-01,31587,118073.9,31034.3333333333
"coal",2013-12-01,4979297.7535,9577517.84,4909828.19286667
"natural_gas",2013-12-01,1506624.6183,4854689.426,1157794.84076667
"oil",2013-12-01,356839.4967,525170.204,413384.809166667
"oil_and_natural_gas",2013-12-01,168100,310633,167333.333333333
"bio_oil_and_diesel",2014-01-01,33413,125121.9,30748.6666666667
"coal",2014-01-01,4887558.779,9427194.2,4840080.61555
"natural_gas",2014-01-01,1276085.918,4104682.05,1192598.56598333
"oil",2014-01-01,177337.5231,272261.203,358831.035016667
"oil_and_natural_gas",2014-01-01,130600,238491,152466.666666667
"bio_oil_and_diesel",2014-02-01,30701,112852.7,29944
"coal",2014-02-01,4472555.2837,8121870.897,4704054.4681
"natural_gas",2014-02-01,1021211.4998,3593249.502,1191619.07671667
"oil",2014-02-01,288669.8637,354652.026,323267.9029
"oil_and_natural_gas",2014-02-01,136800,265716,140783.333333333
"bio_oil_and_diesel",2014-03-01,31941,114371.9,30971.5
"coal",2014-03-01,4840613.5606,8661726.497,4725736.21113333
"natural_gas",2014-03-01,1063334.9894,3883209.384,1222444.7875
"oil",2014-03-01,343130.8984,485527.294,341321.8344
"oil_and_natural_gas",2014-03-01,141700,338582,149866.666666667
"bio_oil_and_diesel",2014-04-01,34038,118128.7,32187
"coal",2014-04-01,4269808.3544,7692476.954,4677457.368
"natural_gas",2014-04-01,823571.8294,3055200.748,1178686.534
"oil",2014-04-01,97637.1178,157427.066,281114.848416667
"oil_and_natural_gas",2014-04-01,97200,182621,139516.666666667
"bio_oil_and_diesel",2014-05-01,33976,114091.8,32609.3333333333
"coal",2014-05-01,4475450.1699,8131978.621,4654213.98351667
"natural_gas",2014-05-01,763446.0035,2829534.352,1075712.4764
"oil",2014-05-01,128553.6867,209408.48,232028.097733333
"oil_and_natural_gas",2014-05-01,87400,191078,126966.666666667
"bio_oil_and_diesel",2014-06-01,32747,107880.7,32802.6666666667
"coal",2014-06-01,4827042.1605,8558571.303,4628838.05135
"natural_gas",2014-06-01,616244.7294,2604648.874,927315.82825
"oil",2014-06-01,169492.8587,291729.959,200803.658066667
"oil_and_natural_gas",2014-06-01,62200,136268,109316.666666667
"bio_oil_and_diesel",2014-07-01,34836,117825.7,33039.8333333333
"coal",2014-07-01,5294538.8104,9462742.184,4696668.05658333
"natural_gas",2014-07-01,629217.7544,2881321.889,819504.46765
"oil",2014-07-01,248470.6331,390901.933,212659.1764
"oil_and_natural_gas",2014-07-01,131200,285010,109416.666666667
"bio_oil_and_diesel",2014-08-01,32164,113319.1,33283.6666666667
"coal",2014-08-01,5022723.0859,9213244.426,4788362.69028333
"natural_gas",2014-08-01,361494.8051,1860418.115,709551.6852
"oil",2014-08-01,42063.9323,53557.788,171558.187833333
"oil_and_natural_gas",2014-08-01,4500,7894,87366.6666666667
"bio_oil_and_diesel",2014-09-01,23509,86230.5,31878.3333333333
"coal",2014-09-01,4098401.571,7336313.259,4664660.69201667
"natural_gas",2014-09-01,452933.8862,2624820.638,607818.168
"oil",2014-09-01,187185.2829,221285.586,145567.251916667
"oil_and_natural_gas",2014-09-01,18200,29701,66783.3333333333
"bio_oil_and_diesel",2014-10-01,20901,79283.2,29688.8333333333
"coal",2014-10-01,4075300.1148,7577020.939,4632242.65208333
"natural_gas",2014-10-01,410784.4907,2428126.927,539020.278216667
"oil",2014-10-01,29504.2138,31231.544,134211.767916667
"oil_and_natural_gas",2014-10-01,7000,10619,51750
"bio_oil_and_diesel",2014-11-01,30817,114770.5,29162.3333333333
"coal",2014-11-01,4041943.2642,7888275.417,4559991.50113333
"natural_gas",2014-11-01,470079.9439,2387756.925,490125.93495
"oil",2014-11-01,46772.1101,49039.568,120581.50515
"oil_and_natural_gas",2014-11-01,16300,29256,39900
"bio_oil_and_diesel",2014-12-01,30179,116646.8,28734.3333333333
"coal",2014-12-01,4874804.1279,9503088.299,4567951.82903333
"natural_gas",2014-12-01,778896.3023,3204728.232,517234.530433333
"oil",2014-12-01,134112.6278,173995.03,114684.8
"oil_and_natural_gas",2014-12-01,64800,115299,40333.3333333333
"bio_oil_and_diesel",2015-01-01,29976,116133,27924.3333333333
"coal",2015-01-01,4709409.8376,9582119.863,4470430.33356667
"natural_gas",2015-01-01,598582.8681,2505545.353,512128.71605
"oil",2015-01-01,37842.0396,57338.52,79580.0344166667
"oil_and_natural_gas",2015-01-01,124200,272746,39166.6666666667
"bio_oil_and_diesel",2015-02-01,26731,102308.9,27018.8333333333
"coal",2015-02-01,4167538.3638,8188412.522,4327899.54655
"natural_gas",2015-02-01,490025.3884,2273913.886,533550.479933333
"oil",2015-02-01,32808.2608,52383.007,78037.4225
"oil_and_natural_gas",2015-02-01,151400,341255,63650
"bio_oil_and_diesel",2015-03-01,31451,116434.8,28342.5
"coal",2015-03-01,4555441.2821,8584229.808,4404072.83173333
"natural_gas",2015-03-01,440493.2679,2124125.49,531477.04355
"oil",2015-03-01,329574.6655,688895.896,101768.986266667
"oil_and_natural_gas",2015-03-01,198700,469142,93733.3333333333
"bio_oil_and_diesel",2015-04-01,29041,105820.2,29699.1666666667
"coal",2015-04-01,4438102.1595,8274595.89,4464539.83918333
"natural_gas",2015-04-01,290042.8756,1607145.466,511353.441033333
"oil",2015-04-01,124395.4818,227060.738,117584.1976
"oil_and_natural_gas",2015-04-01,171700,316677,121183.333333333
"bio_oil_and_diesel",2015-05-01,29053,94303.6,29405.1666666667
"coal",2015-05-01,4558589.575,8469354.421,4550647.55765
"natural_gas",2015-05-01,344693.3823,1750220.366,490455.680766667
"oil",2015-05-01,94020.4267,182450.978,125458.917033333
"oil_and_natural_gas",2015-05-01,24700,51607,122583.333333333
"bio_oil_and_diesel",2015-06-01,19218,74707.1,27578.3333333333
"coal",2015-06-01,4863192.7426,8866948.593,4548712.32676667
"natural_gas",2015-06-01,376302.7893,1820052.189,423356.761933333
"oil",2015-06-01,54625.5524,91594.412,112211.071133333
"bio_oil_and_diesel",2015-07-01,26817,120509.8,27051.8333333333
"coal",2015-07-01,4833486.4313,8977551.714,4569391.75905
"natural_gas",2015-07-01,291204.0177,1579947.517,372126.953533333
"oil",2015-07-01,22741.7928,31711.261,109694.363333333
"bio_oil_and_diesel",2015-08-01,28733,119048.5,27385.5
"coal",2015-08-01,4924343.8327,9176198.579,4695526.00386667
"natural_gas",2015-08-01,473543.6435,2445415.202,369379.99605
"oil",2015-08-01,98564.5878,177132.511,120653.751166667
"oil_and_natural_gas",2015-08-01,12000,21744,113783.333333333
"bio_oil_and_diesel",2015-09-01,29261,116414.7,27020.5
"coal",2015-09-01,4293413.515,8087416.479,4651854.70935
"natural_gas",2015-09-01,391527.1576,1826352.781,361218.977666667
"oil",2015-09-01,82988.9464,163279.311,79556.1313166667
"oil_and_natural_gas",2015-09-01,14300,30731,95466.6666666667
"bio_oil_and_diesel",2015-10-01,33864,80958.9,27824.3333333333
"coal",2015-10-01,3998916.7917,6800512.328431,4578657.14805
"natural_gas",2015-10-01,370867.8072,1155432.502,374689.7996
"oil",2015-10-01,141367.7752,184639.21,82384.8468833333
"oil_and_natural_gas",2015-10-01,49100,130343,78416.6666666667
"bio_oil_and_diesel",2015-11-01,29017,70299.6,27818.3333333333
"coal",2015-11-01,3800350.9375,6544610.564352,4452284.0418
"natural_gas",2015-11-01,209712.6993,743909.584,352193.0191
"oil",2015-11-01,336275.539,630150.894,122760.698933333
"oil_and_natural_gas",2015-11-01,239000,612173,85133.3333333333
"bio_oil_and_diesel",2015-12-01,32116,126184.3,29968
"coal",2015-12-01,4524362.9608,8972598.770767,4395812.4115
"natural_gas",2015-12-01,375388.5213,1433913.412,352040.6411
"oil",2015-12-01,419946.1576,622387.598,183647.466466667
"oil_and_natural_gas",2015-12-01,209600,581183,91450
"bio_oil_and_diesel",2016-01-01,30924,119407.8,30652.5
"coal",2016-01-01,4348095.1554,9062589.874858,4314913.86551667
"natural_gas",2016-01-01,480330.6642,1769428.336625,383561.74885
"oil",2016-01-01,453546.6925,727832.841,255448.283083333
"oil_and_natural_gas",2016-01-01,201400,547556,120900
"bio_oil_and_diesel",2016-02-01,31911,124122.2,31182.1666666667
"coal",2016-02-01,3899022.0284,8318973.542547,4144026.89813333
"natural_gas",2016-02-01,355455.2609,1311635.645015,363880.35175
"oil",2016-02-01,424975.621,660733.634,309850.12195
"oil_and_natural_gas",2016-02-01,162300,475689,145950
"bio_oil_and_diesel",2016-03-01,31095,113763.4,31487.8333333333
"coal",2016-03-01,3864963.2306,8338779.684248,4072618.5174
"natural_gas",2016-03-01,337808.3699,1490345.978526,354927.220466667
"oil",2016-03-01,499113.2691,686424.032,379204.175733333
"oil_and_natural_gas",2016-03-01,184400,570453,174300
"bio_oil_and_diesel",2016-04-01,29837,123187.8,30816.6666666667
"coal",2016-04-01,3291174.5437,6973576.004027,3954661.47606667
"natural_gas",2016-04-01,206406.3359,1004414.374073,327516.97525
"oil",2016-04-01,260488.2894,447807.074,399057.594766667
"oil_and_natural_gas",2016-04-01,124900,411914,186933.333333333
"bio_oil_and_diesel",2016-05-01,27876,118572.3,30626.5
"coal",2016-05-01,3461280.8001,7313323.649752,3898149.7865
"natural_gas",2016-05-01,321051.7816,1354418.887543,346073.488966667
"oil",2016-05-01,309625.6065,450060.218,394615.93935
"oil_and_natural_gas",2016-05-01,118100,257662,166783.333333333
"bio_oil_and_diesel",2016-06-01,21772,105873.1,28902.5
"coal",2016-06-01,3347407.4828,7653141.291871,3701990.54016667
"natural_gas",2016-06-01,356960.2929,1662991.061666,343002.117566667
"oil",2016-06-01,179927.3151,257656.733,354612.798933333
"oil_and_natural_gas",2016-06-01,96600,243206,147950
"bio_oil_and_diesel",2016-07-01,31635,127836.9,29021
"coal",2016-07-01,3689821.2293,8385877.579493,3592278.21915
"natural_gas",2016-07-01,524001.9286,2410754.254053,350280.661633333
"oil",2016-07-01,435747.5828,436706.454,351646.28065
"oil_and_natural_gas",2016-07-01,137800,390734,137350
"bio_oil_and_diesel",2016-08-01,30786,122385.6,28833.5
"coal",2016-08-01,3711571.323,8538305.642556,3561036.43491667
"natural_gas",2016-08-01,542388.1397,2390612.776675,381436.141433333
"oil",2016-08-01,322835.469,399288.211,334622.921983333
"oil_and_natural_gas",2016-08-01,67200,155455,121500
"bio_oil_and_diesel",2016-09-01,25769,100339.8,27945.8333333333
"coal",2016-09-01,2755293.5568,6817010.688559,3376091.48928333
"natural_gas",2016-09-01,388847.4063,2058946.336405,389942.6475
"oil",2016-09-01,232892.9448,237459.402,290252.867933333
"oil_and_natural_gas",2016-09-01,49500,75751,99016.6666666667
"bio_oil_and_diesel",2016-10-01,13026,44588.8,25144
"coal",2016-10-01,2961359.7929,7193405.337706,3321122.36415
"natural_gas",2016-10-01,471163.2185,2514888.732354,434068.7946
"oil",2016-10-01,513708.4957,617894.872,332456.23565
"oil_and_natural_gas",2016-10-01,71000,127284,90033.3333333333
"bio_oil_and_diesel",2016-11-01,29315,116826.5,25383.8333333333
"coal",2016-11-01,2897934.1649,7662658.220352,3227231.25828333
"natural_gas",2016-11-01,471112.7973,2456491.747508,459078.963883333
"oil",2016-11-01,301368.3879,387443.222,331080.03255
"oil_and_natural_gas",2016-11-01,82200,164037,84050
"bio_oil_and_diesel",2016-12-01,31653,117884.6,27030.6666666667
"coal",2016-12-01,3173806.8781,8892654.679333,3198297.82416667
"natural_gas",2016-12-01,395417.8243,1674455.994121,465488.55245
"oil",2016-12-01,334443.1304,420505.556,356832.668433333
"oil_and_natural_gas",2016-12-01,189500,518192,99533.3333333333
"bio_oil_and_diesel",2017-01-01,31988,116146.9,27089.5
"coal",2017-01-01,3036701.145,8975200.440264,3089444.47678333
"natural_gas",2017-01-01,418534.094,1535548.499099,447910.580016667
"oil",2017-01-01,314131.878,484475.844,336563.3843
"oil_and_natural_gas",2017-01-01,104700,225636,94016.6666666667
"bio_oil_and_diesel",2017-02-01,27285,99306.8,26506
"coal",2017-02-01,2819809.347,8171853.046655,2940817.48078333
"natural_gas",2017-02-01,331313.771,1249744.667132,412731.518566667
"oil",2017-02-01,255372.709,417681.588,325319.590966667
"oil_and_natural_gas",2017-02-01,97300,235395,99033.3333333333
"bio_oil_and_diesel",2017-03-01,27564,92456,26805.1666666667
"coal",2017-03-01,2746256.069,7892060.1013,2939311.23281667
"natural_gas",2017-03-01,265818.664,1071460.026011,392226.728183333
"oil",2017-03-01,2486.865,1708.631,286918.577666667
"bio_oil_and_diesel",2017-04-01,27752,105718.7,29259.5
"coal",2017-04-01,2440039.503,7399457.327793,2852424.51783333
"natural_gas",2017-04-01,165598.207,761164.910016,341299.226266667
"oil",2017-04-01,41301.308,53219.263,208184.046383333
"bio_oil_and_diesel",2017-05-01,14698,53816.1,26823.3333333333
"coal",2017-05-01,2571454.303,7499672.687293,2798011.20751667
"natural_gas",2017-05-01,232254.384,789519.424536,301489.490716667
"oil",2017-05-01,22523.852,32822.799,161709.957066667
"bio_oil_and_diesel",2017-06-01,31002,112374.8,26714.8333333333
"coal",2017-06-01,2512091.605,8193854.172486,2687725.32866667
"natural_gas",2017-06-01,339833.92,1266360.301537,292225.506666667
"oil",2017-06-01,31888.874,53217.746,111284.247666667
"oil_and_natural_gas",2017-06-01,14700,25338,93233.3333333333
"bio_oil_and_diesel",2017-07-01,28975,125527.8,26212.6666666667
"coal",2017-07-01,2777959.486,9205205.553286,2644601.71883333
"natural_gas",2017-07-01,436530.762,1990054.881256,295224.951333333
"oil",2017-07-01,156724.444,248344.926,85049.6753333333
"oil_and_natural_gas",2017-07-01,44100,82445,88750
"bio_oil_and_diesel",2017-08-01,29432,124693.6,26570.5
"coal",2017-08-01,2806205.064,9729106.726289,2642334.33833333
"natural_gas",2017-08-01,354513.361,1573870.540463,299091.549666667
"oil",2017-08-01,50175.509,79833.152,50850.142
"oil_and_natural_gas",2017-08-01,22800,40907,78850
"bio_oil_and_diesel",2017-09-01,32257,103338.9,27352.6666666667
"coal",2017-09-01,2286201.507,8593068.058546,2565658.578
"natural_gas",2017-09-01,208917.72,913027.871752,289608.059
"oil",2017-09-01,27911.555,69678.345,55087.5903333333
"bio_oil_and_diesel",2017-10-01,30252,95651.4,27769.3333333333
"coal",2017-10-01,2025972.371,8487946.732642,2496647.38933333
"natural_gas",2017-10-01,208467.551,947439.887504,296752.949666667
"bio_oil_and_diesel",2017-11-01,30493,98268.8,30401.8333333333
"coal",2017-11-01,2078511.449,8372638.270159,2414490.247
"natural_gas",2017-11-01,424692.215,1421091.167219,328825.9215
"oil",2017-11-01,76139.342,132630.759,60893.9293333333
"oil_and_natural_gas",2017-11-01,8000,15425,48600
"bio_oil_and_diesel",2017-12-01,33871,116930.5,30880
"coal",2017-12-01,2217178.707,9278490.004078,2365338.09733333
"natural_gas",2017-12-01,728542.383,2199517.705271,393610.665333333
"oil",2017-12-01,301935.104,512565.249,107462.471333333
"oil_and_natural_gas",2017-12-01,71800,171195,43116.6666666667
"bio_oil_and_diesel",2018-01-01,34898,122222.7,31867.1666666667
"coal",2018-01-01,2540492.434,10552488.239207,2325760.25533333
"natural_gas",2018-01-01,700366.545,2248543.823824,437583.295833333
"oil",2018-01-01,425480.61,646331.443,173061.094
"oil_and_natural_gas",2018-01-01,88000,236804,41566.6666666667
"bio_oil_and_diesel",2018-02-01,34934,117767.8,32784.1666666667
"coal",2018-02-01,2418265.401,9913460.375977,2261103.64483333
"natural_gas",2018-02-01,575189.987,1866660.596626,474362.7335
"oil",2018-02-01,215430.051,365631.75,182845.361833333
"oil_and_natural_gas",2018-02-01,36700,93404,45233.3333333333
"bio_oil_and_diesel",2018-03-01,36224,92409.2,33445.3333333333
"coal",2018-03-01,2419935.95,9801770.634904,2283392.71866667
"natural_gas",2018-03-01,570967.652,1855875.04667,534704.388833333
"oil",2018-03-01,343617.139,530890.448,231752.300166667
"oil_and_natural_gas",2018-03-01,17200,36709,40750
"bio_oil_and_diesel",2018-04-01,9981,108360.5,30066.8333333333
"coal",2018-04-01,2107839.884,9332216.314813,2297037.30416667
"natural_gas",2018-04-01,424018.32,1801488.179083,570629.517
"oil",2018-04-01,20230.105,24983.571,230472.0585
"bio_oil_and_diesel",2018-05-01,35626,109992.5,30922.3333333333
"coal",2018-05-01,1855424.218,8430806.277434,2259856.099
"natural_gas",2018-05-01,437024.017,1731458.957289,572684.817333333
"oil",2018-05-01,56858.968,92890.875,227258.662833333
"oil_and_natural_gas",2018-05-01,9100,12358,38466.6666666667
"bio_oil_and_diesel",2018-06-01,15639,53714,27883.6666666667
"coal",2018-06-01,1901169.926,8905882.023412,2207187.96883333
"natural_gas",2018-06-01,437055.891,1750887.989758,524103.735333333
"oil",2018-06-01,66585.18,96476.863,188033.6755
"oil_and_natural_gas",2018-06-01,11100,12477,38983.3333333333
"bio_oil_and_diesel",2018-07-01,33728,114812.6,27688.6666666667
"coal",2018-07-01,2185289.499,10432553.445736,2147987.47966667
"natural_gas",2018-07-01,489130.869,1939907.92008,488897.789333333
"oil",2018-07-01,174206.555,240356.274,146154.666333333
"oil_and_natural_gas",2018-07-01,29700,70126,31966.6666666667
"bio_oil_and_diesel",2018-08-01,35896,115007.42,27849
"coal",2018-08-01,2439600.091,11196382.569532,2151543.26133333
"natural_gas",2018-08-01,469755.3,2036480.995813,471325.3415
"oil",2018-08-01,178526.382,239146.799,140004.054833333
"oil_and_natural_gas",2018-08-01,37600,94349,23566.6666666667
"bio_oil_and_diesel",2018-09-01,33847,107610.3,27452.8333333333
"coal",2018-09-01,2024182.898,9975445.406044,2085584.41933333
"natural_gas",2018-09-01,288108.74,1260745.719057,424182.1895
"oil_and_natural_gas",2018-09-01,1500,4016,17700
"bio_oil_and_diesel",2018-10-01,32446,105117.9,31197
"coal",2018-10-01,1573586.628,8625348.313446,1996542.21
"natural_gas",2018-10-01,497062.995,1874490.303112,436356.302
"oil",2018-10-01,13596.485,18779.608,85000.6125
"oil_and_natural_gas",2018-10-01,35500,118111,20750
"bio_oil_and_diesel",2018-11-01,28740,93061.2,30049.3333333333
"coal",2018-11-01,1979416.698,10241823.308966,2017207.62333333
"natural_gas",2018-11-01,410536.513,1523460.838554,431941.718
"oil",2018-11-01,16381.042,25353.649,84359.102
"bio_oil_and_diesel",2018-12-01,31168,104129.8,32637.5
"coal",2018-12-01,2252116.015,10383242.627372,2075698.63816667
"natural_gas",2018-12-01,590763.588,1855173.681046,457559.6675
"oil",2018-12-01,120848.957,199412.745,95024.1001666667
"oil_and_natural_gas",2018-12-01,3700,2500,19850
"bio_oil_and_diesel",2019-01-01,35506,115302.3,32933.8333333333
"coal",2019-01-01,1849868.168,10374750.362245,2019795.083
"natural_gas",2019-01-01,563774.812,1820663.587409,470000.324666667
"oil",2019-01-01,151098.058,243113.437,109109.579833333
"oil_and_natural_gas",2019-01-01,2400,1770,18400
"bio_oil_and_diesel",2019-02-01,27679,88474.2,31564.3333333333
"coal",2019-02-01,1727970.497,9041327.042254,1901190.15066667
"natural_gas",2019-02-01,542551.285,1404579.203311,482132.988833333
"oil",2019-02-01,60135.223,111795.428,90097.6911666667
"bio_oil_and_diesel",2019-03-01,28575,99263.7,30685.6666666667
"coal",2019-03-01,1644810.406,8804922.718844,1837961.402
"natural_gas",2019-03-01,370272.096,1250451.921517,495826.8815
"oil",2019-03-01,314855.86,518404.723,112819.270833333
"oil_and_natural_gas",2019-03-01,7000,15746,14616.6666666667
"bio_oil_and_diesel",2019-04-01,27488,93420,29859.3333333333
"coal",2019-04-01,1422449.073,7375216.619584,1812771.8095
"natural_gas",2019-04-01,232793.882,1372924.798368,451782.029333333
"bio_oil_and_diesel",2019-05-01,23624,79890,29006.6666666667
"coal",2019-05-01,1499741.933,7966671.429363,1732826.01533333
"natural_gas",2019-05-01,283878.764,1304517.734969,430672.4045
"oil",2019-05-01,8712.428,13458.321,112005.261333333
"bio_oil_and_diesel",2019-06-01,13156,42072.7,26004.6666666667
"coal",2019-06-01,1431718.481,9114551.838535,1596093.093
"natural_gas",2019-06-01,250137.747,1158802.900134,373901.431
"oil",2019-06-01,2666.711,2469.096,109719.5395
"bio_oil_and_diesel",2019-07-01,22923,98625.1,23907.5
"coal",2019-07-01,1745605.81,10845370.36922,1578716.03333333
"natural_gas",2019-07-01,359078.715,1636727.219464,339785.414833333
"oil",2019-07-01,2176.676,1590.666,89940.826
"oil_and_natural_gas",2019-07-01,800,1375,8483.33333333333
"bio_oil_and_diesel",2019-08-01,26404,97887.2,23695
"coal",2019-08-01,1804634.743,11241749.143793,1591493.40766667
"natural_gas",2019-08-01,351024.177,8342574.206078,307864.230166667
"oil",2019-08-01,33485.253,62455.643,70338.6918333333
"oil_and_natural_gas",2019-08-01,4900,11405,9050
"bio_oil_and_diesel",2019-09-01,21360,87473.9,22492.5
"coal",2019-09-01,1530937.097,9928698.071559,1572514.52283333
"natural_gas",2019-09-01,204314.732,1333316.277903,280204.6695
"oil",2019-09-01,5103.675,8539.084,61166.7671666667
"oil_and_natural_gas",2019-09-01,1000,1573,3300
"bio_oil_and_diesel",2019-10-01,20376,86948.3,21307.1666666667
"coal",2019-10-01,1349316.291,9261115.084785,1560325.72583333
"natural_gas",2019-10-01,179572.739,1135123.72497,271334.479
"oil",2019-10-01,42229.727,73465.742,15729.0783333333
"oil_and_natural_gas",2019-10-01,2900,12669,3166.66666666667
"bio_oil_and_diesel",2019-11-01,17921,80336.2,20356.6666666667
"coal",2019-11-01,1231419.523,8567777.098282,1515605.32416667
"natural_gas",2019-11-01,238883.87,1285533.518096,263835.33
"oil",2019-11-01,6609.722,10419.988,15378.6273333333
"oil_and_natural_gas",2019-11-01,500,3194,2850
"bio_oil_and_diesel",2019-12-01,14375,73324,20559.8333333333
"coal",2019-12-01,1273140.232,9011964.185185,1489175.616
"natural_gas",2019-12-01,387873.662,1899130.369547,286791.315833333
"oil",2019-12-01,109927.728,201638.384,33255.4635
"oil_and_natural_gas",2019-12-01,18200,78663,4716.66666666667
"bio_oil_and_diesel",2020-01-01,11444,70032.5,18646.6666666667
"coal",2020-01-01,1244927.027,8878263.179988,1405729.15216667
"natural_gas",2020-01-01,329255.256,1935705.4637,281820.739333333
"oil",2020-01-01,10435.147,23371.198,34631.8753333333
"oil_and_natural_gas",2020-01-01,12400,45831,6650
"bio_oil_and_diesel",2020-02-01,7855,65028.4,15555.1666666667
"coal",2020-02-01,1027858.281,7701078.278916,1276266.4085
"natural_gas",2020-02-01,279109.346,1471542.469021,269834.934166667
"oil",2020-02-01,3394.827,10101.658,29616.8043333333
"oil_and_natural_gas",2020-02-01,600,1390,5933.33333333333
"bio_oil_and_diesel",2020-03-01,7086,68684.2,13176.1666666667
"coal",2020-03-01,957722.368,6920188.737093,1180730.62033333
"natural_gas",2020-03-01,242667.846,1419339.160418,276227.119833333
"oil",2020-03-01,9843.871,35125.476,30406.837
"bio_oil_and_diesel",2020-04-01,8043,70032.3,11120.6666666667
"coal",2020-04-01,1031731.05,7165394.529441,1127799.74683333
"natural_gas",2020-04-01,136399.684,803737.0247,269031.610666667
"oil",2020-04-01,18826.973,64966.132,26506.378
"bio_oil_and_diesel",2020-05-01,6238,60419.551776,9173.5
"coal",2020-05-01,937951.889,6687474.24294,1078888.4745
"natural_gas",2020-05-01,145165.595,766570.692992,253411.898166667
"oil",2020-05-01,1475.722,4681.226,25650.7113333333
"bio_oil_and_diesel",2020-06-01,2696,31847.6,7227
"coal",2020-06-01,1101576.049,8443178.140203,1050294.444
"natural_gas",2020-06-01,191545.861,1184439.08029,220690.598
"bio_oil_and_diesel",2020-07-01,3919,40423.5,5972.83333333333
"coal",2020-07-01,1181522.974,9523643.287073,1039727.10183333
"natural_gas",2020-07-01,175506.843,1161382.368814,195065.8625
"bio_oil_and_diesel",2020-08-01,7119,74062.9,5850.16666666667
"coal",2020-08-01,1271424.724,9991646.573995,1080321.509
"natural_gas",2020-08-01,281888.68,1835521.887184,195529.084833333
"oil",2020-08-01,35559.603,121019.78,13256.0238333333
"coal",2020-09-01,761918.93,6067748.737,1047687.60266667
"natural_gas",2020-09-01,176311.835,812903.721,184469.749666667
"oil",2020-09-01,150370.05,515236.354,36578.5076666667
"bio_oil_and_diesel",2020-10-01,6008,50682.6,5670.5
"coal",2020-10-01,812196.705,7171509.457226,1011098.54516667
"natural_gas",2020-10-01,306630.142,1308526.65493,212841.492666667
"oil",2020-10-01,31616.837,109618.918,41282.176
"bio_oil_and_diesel",2020-11-01,5689,51075.2,5278.16666666667
"coal",2020-11-01,849298.492,6789823.696789,996322.979
"natural_gas",2020-11-01,275663.123,1336052.974813,234591.080666667
"oil",2020-11-01,73939.854,245121.77,51964.8398333333
"bio_oil_and_diesel",2020-12-01,7397,74803.1,5471.33333333333
"coal",2020-12-01,1054468.144,8859108.138858,988471.6615
"natural_gas",2020-12-01,401669.703,2025794.976085,269611.721
"oil",2020-12-01,110224.001,374706.699,67197.6778333333
"bio_oil_and_diesel",2021-01-01,6766,83275.3,6149.66666666667
"coal",2021-01-01,1082239.051,8678456.079258,971924.341
"natural_gas",2021-01-01,428962.565,2252745.260286,311854.341333333
"oil",2021-01-01,76112.584,250396.172,79637.1548333333
"bio_oil_and_diesel",2021-02-01,6788,74334,6627.83333333333
"coal",2021-02-01,847016.652,7197874.333799,901189.662333333
"natural_gas",2021-02-01,335527.117,1690729.77579,320794.080833333
"oil",2021-02-01,29438.255,94610.584,78616.9301666667
"bio_oil_and_diesel",2021-03-01,6104,60441.8,6458.66666666667
"coal",2021-03-01,787754.48,6375984.028088,905495.587333333
"natural_gas",2021-03-01,277083.37,1569736.540095,337589.336666667
"bio_oil_and_diesel",2021-04-01,3612,43875.2,6059.33333333333
"coal",2021-04-01,835730.665,6287025.545842,909417.914
"natural_gas",2021-04-01,312058.474,1887444.460377,338494.058666667
"oil",2021-04-01,10602.244,31683.144,55322.2958333333
"bio_oil_and_diesel",2021-05-01,2624,35326.5,5548.5
"coal",2021-05-01,919980.459,7461012.70461,921198.241833333
"natural_gas",2021-05-01,238099.454,1500821.098666,332233.447166667
"oil",2021-05-01,53272.959,180882.92,58931.6495
"bio_oil_and_diesel",2021-06-01,2895,42910,4798.16666666667
"coal",2021-06-01,985579.8,8445146.236686,909716.851166667
"natural_gas",2021-06-01,299575.345,1865241.862703,315217.720833333
"oil",2021-06-01,45599.578,137630.295,54208.2701666667
"bio_oil_and_diesel",2021-07-01,7013,85814.3,4839.33333333333
"coal",2021-07-01,1323655.183,10457068.576351,949952.873166667
"natural_gas",2021-07-01,379168.218,2394737.687848,306918.663
"oil",2021-07-01,71034.68,237595.212,47676.7166666667
"bio_oil_and_diesel",2021-08-01,8597,88800.2,5140.83333333333
"coal",2021-08-01,1289075.178,10375312.789206,1023629.29416667
"natural_gas",2021-08-01,297027.634,1924165.596761,300502.0825
"oil",2021-08-01,15338.277,47692.089,37547.6655
"bio_oil_and_diesel",2021-09-01,6269,67163.1,5168.33333333333
"coal",2021-09-01,1036536.271,8387690.265384,1065092.926
"natural_gas",2021-09-01,304414.761,1972150.878992,305057.314333333
"oil",2021-09-01,48763.021,173748.533,40768.4598333333
"bio_oil_and_diesel",2021-10-01,18618,53707.8,7669.33333333333
"coal",2021-10-01,888016.061,7037002.055869,1073807.15866667
"natural_gas",2021-10-01,322771.793,1926925.717,306842.8675
"oil",2021-10-01,48995.564,173742.997,47167.3465
"bio_oil_and_diesel",2021-11-01,9066,53120.9,8743
"coal",2021-11-01,1039258.534,7896076.165925,1093686.83783333
"natural_gas",2021-11-01,337659.658,1900169.112,323436.234833333
"oil",2021-11-01,25677.968,87583.711,42568.1813333333
"bio_oil_and_diesel",2021-12-01,14165,76479.4,10621.3333333333
"coal",2021-12-01,949019.731,8719619.666141,1087593.493
"natural_gas",2021-12-01,302516.587,1649042.677652,323926.441833333
"oil",2021-12-01,25124.129,78287.835,39155.6065
"bio_oil_and_diesel",2022-01-01,14369,85904.2,11847.3333333333
"coal",2022-01-01,930731.322,8744833.30563,1022106.18283333
"natural_gas",2022-01-01,321858.763,1741660.225467,314374.866
"oil",2022-01-01,91470.024,351792.554,42561.4971666667
"bio_oil_and_diesel",2022-02-01,7963,73965.284192,11741.6666666667
"coal",2022-02-01,797571.312,7618410.965127,940188.871833333
"natural_gas",2022-02-01,301815.863,1620796.394181,315172.904166667
"bio_oil_and_diesel",2022-03-01,5014,68624.1,11532.5
"coal",2022-03-01,760249.521,6238044.748552,894141.080166667
"natural_gas",2022-03-01,363435.274,1971666.710492,325009.656333333
"bio_oil_and_diesel",2022-04-01,5691,79331.5,9378
"coal",2022-04-01,799343.715,6158588.426072,879362.355833333
"natural_gas",2022-04-01,262373.339,1538109.309242,314943.247333333
"bio_oil_and_diesel",2022-05-01,5537,76525.7,8789.83333333333
"coal",2022-05-01,819604.995,6299771.259542,842753.432666667
"natural_gas",2022-05-01,299223.616,1678857.135894,308537.240333333
"bio_oil_and_diesel",2022-06-01,1663,42122.3,6706.16666666667
"coal",2022-06-01,970243.313,8044480.213095,846290.696333333
"natural_gas",2022-06-01,301969.969,1784819.066086,308446.137333333
"bio_oil_and_diesel",2022-07-01,2152,44802.3,4670
"coal",2022-07-01,1131397.479,9612034.392053,879735.055833333
"natural_gas",2022-07-01,280408.41,2009977.279639,301537.745166667
"bio_oil_and_diesel",2022-08-01,5558,89758.8,4269.16666666667
"coal",2022-08-01,1320603.905,9568758.030437,966907.154666667
"natural_gas",2022-08-01,242475.518,2011610.409842,291647.687666667
"bio_oil_and_diesel",2022-09-01,7823,87747.2,4737.33333333333
"coal",2022-09-01,936427.545,7212993.184573,996270.158666667
"natural_gas",2022-09-01,223383.263,1979106.268368,268305.685833333
"bio_oil_and_diesel",2022-10-01,6407,65361.1,4856.66666666667
"coal",2022-10-01,798283.981,6380423.11374,996093.536333333
"natural_gas",2022-10-01,289551.03,2547090.589288,272835.301
"bio_oil_and_diesel",2022-11-01,5318,86282.1,4820.16666666667
"coal",2022-11-01,817145.432,6918901.484106,995683.609166667
"natural_gas",2022-11-01,325231.592,2635229.356305,277169.963666667
"bio_oil_and_diesel",2022-12-01,8825,94822.4,6013.83333333333
"coal",2022-12-01,1050594.09,9339429.045266,1009075.40533333
"natural_gas",2022-12-01,388113.978,3119083.327616,291527.2985
"bio_oil_and_diesel",2023-01-01,6187,94630,6686.33333333333
"coal",2023-01-01,932061.376,8841282.673176,975852.7215
"natural_gas",2023-01-01,282493,2299004.9099,291874.730166667
"bio_oil_and_diesel",2023-02-01,5972,83551.7,6755.33333333333
"coal",2023-02-01,819566.135,7627711.87485,892346.4265
"natural_gas",2023-02-01,272543,2368970.968534,296885.977166667
"bio_oil_and_diesel",2023-03-01,5305,78275.5,6335.66666666667
"coal",2023-03-01,620320.583,5869601.231841,839661.932833333
"natural_gas",2023-03-01,218280,1903742.784782,296035.433333333
"bio_oil_and_diesel",2023-04-01,5124,83287.3,6121.83333333333
"coal",2023-04-01,651822.393,5712212.080485,815251.668166667
"natural_gas",2023-04-01,211200,1781407.023733,282976.928333333
"bio_oil_and_diesel",2023-05-01,3584,55129.3,5832.83333333333
"coal",2023-05-01,664052.166,5641191.872292,789736.123833333
"natural_gas",2023-05-01,177220,1404480.883024,258308.329666667
"bio_oil_and_diesel",2023-06-01,3638,48118,4968.33333333333
"coal",2023-06-01,722129.773,6523775.342898,734992.071
"natural_gas",2023-06-01,205224,1634839.599858,227826.666666667
"bio_oil_and_diesel",2023-07-01,3944,97369.6,4594.5
"coal",2023-07-01,860253.153,8110809.049458,723024.033833333
"natural_gas",2023-07-01,216599,1993536.453768,216844.333333333
"bio_oil_and_diesel",2023-08-01,3600,97569.6,4199.16666666667
"coal",2023-08-01,918660.695,8741077.111519,739539.793833333
"natural_gas",2023-08-01,244583,2148242.813326,212184.333333333
"bio_oil_and_diesel",2023-09-01,3027,86340.4,3819.5
"coal",2023-09-01,780811.893,6630114.510351,766288.3455
"natural_gas",2023-09-01,214616,1803335.724692,211573.666666667
"bio_oil_and_diesel",2023-10-01,4218,88788.9,3668.5
"coal",2023-10-01,607851.908,5889513.744015,758959.931333333
"natural_gas",2023-10-01,220125,1597975.918532,213061.166666667
"bio_oil_and_diesel",2023-11-01,4098,84032.3,3754.16666666667
"coal",2023-11-01,657200.247,6428609.471794,757817.944833333
"natural_gas",2023-11-01,219611,1544620.62,220126.333333333
"bio_oil_and_diesel",2023-12-01,5424,94842.9,4051.83333333333
"coal",2023-12-01,744034.771,7332096.463605,761468.777833333
"natural_gas",2023-12-01,241781,1600038.49725,226219.166666667
"bio_oil_and_diesel",2024-01-01,4719,74546.5,4181
"coal",2024-01-01,589998,7714930.762388,716426.252333333
"natural_gas",2024-01-01,158688,2049698.284081,216567.333333333
"bio_oil_and_diesel",2024-02-01,3070,50244,4092.66666666667
"coal",2024-02-01,482223,6402698.304292,643686.6365
"natural_gas",2024-02-01,120635,1432658.653616,195909.333333333
"bio_oil_and_diesel",2024-03-01,5682,90236.4,4535.16666666667
"coal",2024-03-01,470371,5541682.84892,591946.487666667
"natural_gas",2024-03-01,153299,1427496.155671,185689.833333333
"bio_oil_and_diesel",2024-04-01,4976,57024.7,4661.5
"coal",2024-04-01,479168,5137812.670297,570499.169666667
"natural_gas",2024-04-01,102638,1101525.607631,166108.666666667
"bio_oil_and_diesel",2024-05-01,1640,27358.937728,4251.83333333333
"coal",2024-05-01,388174,4101448.292103,525661.461833333
"natural_gas",2024-05-01,160408,1748758.369109,156241.5
"bio_oil_and_diesel",2024-06-01,2320,45351.1,3734.5
"coal",2024-06-01,457110,5803542.650122,477840.666666667
"natural_gas",2024-06-01,198824,2239549.596195,149082
"bio_oil_and_diesel",2024-07-01,4678,86662.6,3727.66666666667
"coal",2024-07-01,587286,8163086.721725,477388.666666667
"natural_gas",2024-07-01,237061,2649294.419661,162144.166666667
"bio_oil_and_diesel",2024-08-01,5221,99175,4086.16666666667
"coal",2024-08-01,689288,9359257.869333,511899.5
"natural_gas",2024-08-01,244688,2899152.597656,182819.666666667
"bio_oil_and_diesel",2024-09-01,4256,79938.565184,3848.5
"coal",2024-09-01,564898,6902691.940881,527654
"natural_gas",2024-09-01,177880,2056505.776255,186916.5
"bio_oil_and_diesel",2024-10-01,5044,93582.7,3859.83333333333
"coal",2024-10-01,419064,5136668.285017,517636.666666667
"natural_gas",2024-10-01,141062,1837793.147741,193320.5
"bio_oil_and_diesel",2024-11-01,3884,83514.4,4233.83333333333
"coal",2024-11-01,412663,5584291.327283,521718.166666667
"natural_gas",2024-11-01,90250,1244594.200863,181627.5
"bio_oil_and_diesel",2024-12-01,5346,78247.4,4738.16666666667
"coal",2024-12-01,538706,6906107.380258,535317.5
"natural_gas",2024-12-01,84674,1222713.346877,162602.5
"bio_oil_and_diesel",2025-01-01,6455,94627.3,5034.33333333333
"coal",2025-01-01,450768,3681180.222236,512564.5
"natural_gas",2025-01-01,91704,1108523.563086,138376.333333333
"bio_oil_and_diesel",2025-02-01,6479,83430.9,5244
"coal",2025-02-01,352973,3074831.756532,456512
"natural_gas",2025-02-01,130842,1380889.177004,119402
"bio_oil_and_diesel",2025-03-01,6078,64565.600001,5547.66666666667
"coal",2025-03-01,272124,2167064.278413,407716.333333333
"natural_gas",2025-03-01,100140,977163.101772,106445.333333333
"bio_oil_and_diesel",2025-04-01,12407,69096.5,6774.83333333333
"coal",2025-04-01,265458,2006208.929353,382115.333333333
"natural_gas",2025-04-01,121621,1194689.991955,103205.166666667
"bio_oil_and_diesel",2025-05-01,9472,70608,7706.16666666667
"coal",2025-05-01,411021,2914054.077617,381841.666666667
"natural_gas",2025-05-01,154214,1621901.396271,113865.833333333
"bio_oil_and_diesel",2025-06-01,2215,24307.9,7184.33333333333
"coal",2025-06-01,487240,3748544.865045,373264
"natural_gas",2025-06-01,109022,1565218.555614,117923.833333333
"bio_oil_and_diesel",2025-07-01,2645,49562.2,6549.33333333333
"coal",2025-07-01,315181,2523896.816448,350666.166666667
"natural_gas",2025-07-01,86248,784012.655447,117014.5
"bio_oil_and_diesel",2025-08-01,3066,89976.8,5980.5
"coal",2025-08-01,332349,2719760.723603,347228.833333333
"natural_gas",2025-08-01,97900,895226.239726,111524.166666667
"bio_oil_and_diesel",2025-09-01,3057,93815.4,5477
"coal",2025-09-01,352878,2863116.894673,360687.833333333
"natural_gas",2025-09-01,64799,542518.558612,105634
"bio_oil_and_diesel",2025-10-01,3136,73531.8,3931.83333333333
"coal",2025-10-01,206557,1708813.652063,350871
"natural_gas",2025-10-01,69484,562327.469526,96944.5
"bio_oil_and_diesel",2025-11-01,4119,70014.8,3039.66666666667
"coal",2025-11-01,188593,1307476.588239,313799.666666667
"natural_gas",2025-11-01,77338,656329.490192,84131.8333333333
"bio_oil_and_diesel",2025-12-01,6252,91333.300001,3712.5
"coal",2025-12-01,300706,2282565.26662,282710.666666667
"natural_gas",2025-12-01,48775,355288.900062,74090.6666666667
