gap_id,collection_version,gap_area,priority,status,next_source,inventory_ids
GAP001,1.0.0,Road transport LDV/HDV/bus,High,Full speed × fuel × model-year formula appendix remains to be machine-transcribed; motorcycles are included.,CAPSS VII/VI appendix + Korean fleet registry/VKT,trn_road_passenger_gasoline_ldv|trn_road_passenger_diesel_ldv|trn_road_passenger_lpg_ldv|trn_road_passenger_hybrid_ldv|trn_road_bus|trn_road_freight_lcv|trn_road_freight_mdv|trn_road_freight_hdv
GAP002,1.0.0,Aviation,High,Aircraft-engine-mode LTO table is large and was not transcribed in this pass.,CAPSS Table 8-21 / ICAO engine databank,trn_aviation_passenger_lto|trn_aviation_passenger_cruise|trn_aviation_freight_lto|trn_aviation_freight_cruise
GAP003,1.0.0,Construction equipment,Medium,Only the bulldozer Tier 1–3 schedule is included as a representative partial extraction.,CAPSS Tables 8-36 and 8-37,trn_nonroad_construction
GAP004,1.0.0,Cement kiln combustion,High,"Process-dust factor is included, but fuel-specific kiln combustion must be linked from manufacturing-combustion factors and facility data.",CAPSS combustion + TMS/SEMS + cement production,ind_cement_kiln_combustion
GAP005,1.0.0,Oil refining process/fugitive,High,"Refinery combustion is covered generically; process vents, tanks, loading and flaring need separate extraction.",CAPSS energy transport/storage and solvent/process chapters,ene_refining_process|ene_flaring|ene_fuel_storage_loading
GAP006,1.0.0,Aluminium/non-ferrous metals,Medium,No Korea-specific factor was found in this pass.,CAPSS process chapter + Korean literature,ind_nonferrous_primary|ind_nonferrous_secondary
GAP007,1.0.0,Landfill VOC,Medium,CAPSS uses a methane-generation/speciation model rather than a simple EF; model parameters should be stored separately.,CAPSS landfill equations,wst_landfills
GAP008,1.0.0,Hydrogen production,Medium,"Must be technology-specific; electrolysis has zero direct combustion emissions, SMR/ATR require fuel/process factors.",GCAM-KAIST technology mapping + facility literature,ene_hydrogen_smr|ene_hydrogen_coal|ene_hydrogen_byproduct|ene_hydrogen_electrolysis|ene_hydrogen_biomass
GAP009,1.0.0,CAPSS VII version update,Critical,All CAPSS VI rows must be compared against official 2025 Handbook VII before release.,Official CAPSS Handbook VII,
