"fuel","fuel_label","pollutant","plant_years","ef_n","mean","sd","min","p25","median","p75","max","total_generation_mwh","total_emissions_kg","aggregate_ef_kg_per_mwh"
"B-C | LNG | 중유","B-C | LNG | Heavy oil","NOx",8,0,,,,,,,,0,1517427,
"B-C | LNG | 중유","B-C | LNG | Heavy oil","SOx",8,0,,,,,,,,0,404271,
"B-C | LNG | 중유","B-C | LNG | Heavy oil","TSP",8,0,,,,,,,,0,55296,
"B-C | 중유","B-C | Heavy oil","NOx",8,0,,,,,,,,0,1153093,
"B-C | 중유","B-C | Heavy oil","SOx",8,0,,,,,,,,0,531293,
"B-C | 중유","B-C | Heavy oil","TSP",8,0,,,,,,,,0,19132,
"LNG","LNG","NOx",253,53,0.147330738533717,0.211574743462955,0.0189291681193103,0.0612543827279406,0.0832143586880564,0.170197642156741,1.47021838257131,148983022.72105,43978294,0.295189969949417
"LNG","LNG","SOx",253,31,0.077270266307864,0.39809245427714,0,0,0,0.00602553313185186,2.2210940688641,65812381.173799,2146118,0.0326096391244753
"LNG","LNG","TSP",253,31,0.0129522500671927,0.0328236850078852,0,0,0,0.00944014994014136,0.173422955427306,65812381.173799,471137,0.00715878975349349
"LNG | LSWR","LNG | LSWR","NOx",10,0,,,,,,,,0,24183,
"LNG | LSWR","LNG | LSWR","SOx",10,0,,,,,,,,0,0,
"LNG | LSWR","LNG | LSWR","TSP",10,0,,,,,,,,0,0,
"LNG | 경유 | 바이오중유 | 유류 | 중유","LNG | Diesel | Bio heavy oil | Oil | Heavy oil","NOx",1,0,,,,,,,,0,1361800,
"LNG | 경유 | 바이오중유 | 유류 | 중유","LNG | Diesel | Bio heavy oil | Oil | Heavy oil","SOx",1,0,,,,,,,,0,532500,
"LNG | 경유 | 바이오중유 | 유류 | 중유","LNG | Diesel | Bio heavy oil | Oil | Heavy oil","TSP",1,0,,,,,,,,0,0,
"LNG | 경유 | 바이오중유 | 중유","LNG | Diesel | Bio heavy oil | Heavy oil","NOx",2,0,,,,,,,,0,385638,
"LNG | 경유 | 바이오중유 | 중유","LNG | Diesel | Bio heavy oil | Heavy oil","SOx",2,0,,,,,,,,0,97564,
"LNG | 경유 | 바이오중유 | 중유","LNG | Diesel | Bio heavy oil | Heavy oil","TSP",2,0,,,,,,,,0,24631,
"LPG* | 중유","LPG* | Heavy oil","NOx",8,0,,,,,,,,0,746968,
"LPG* | 중유","LPG* | Heavy oil","SOx",8,0,,,,,,,,0,1260268,
"LPG* | 중유","LPG* | Heavy oil","TSP",8,0,,,,,,,,0,19889,
"가스","Gas","NOx",271,247,1.50792838847155,14.6330327558895,0.00239571847281773,0.0685896224962985,0.120330900013256,0.234890943423023,226.904124275548,956868147.058121,181767869.5499,0.189961250260805
"가스","Gas","SOx",271,159,1.41412244916578,10.7195160781317,0,0,0,0.00735956722553782,131.973995477529,567471887.022291,65146441.1421,0.114801178052968
"가스","Gas","TSP",271,101,0.0857518903894781,0.420986613986252,0,0,0.00012705217876955,0.00614425609966918,3.9987185762699,324971153.152425,3456515.3709,0.010636375990206
"가스 | 경유","Gas | Diesel","NOx",1,1,2.93122140349726,,2.93122140349726,2.93122140349726,2.93122140349726,2.93122140349726,2.93122140349726,580611.208,1701900,2.93122140349726
"가스 | 경유","Gas | Diesel","SOx",1,1,0.366510320620611,,0.366510320620611,0.366510320620611,0.366510320620611,0.366510320620611,0.366510320620611,580611.208,212800,0.366510320620611
"가스 | 경유","Gas | Diesel","TSP",1,0,,,,,,,,0,0,
"경유","Diesel","NOx",83,3,1.2764295615787,1.66892166034173,0,0.332153156216106,0.664306312432213,1.91464434236804,3.16498237230388,1747389.492,1607400,0.91988649774941
"경유","Diesel","SOx",83,3,0.0185045788062387,0.0241731645380397,0,0.0048295763565166,0.00965915271303319,0.027756868209358,0.0458545837056828,1747389.492,46100,0.0263822119859698
"경유","Diesel","TSP",83,1,0,,0,0,0,0,0,496875.4,0,0
"기타","Other","NOx",1,1,0.414301262117709,,0.414301262117709,0.414301262117709,0.414301262117709,0.414301262117709,0.414301262117709,59123.643203,24495,0.414301262117709
"기타","Other","SOx",1,1,0.104205351129096,,0.104205351129096,0.104205351129096,0.104205351129096,0.104205351129096,0.104205351129096,59123.643203,6161,0.104205351129096
"기타","Other","TSP",1,1,0.0218525099267638,,0.0218525099267638,0.0218525099267638,0.0218525099267638,0.0218525099267638,0.0218525099267638,59123.643203,1292,0.0218525099267638
"기타 | 석탄 | 역청탄 | 유연탄","Other | Coal | Bituminous coal | Bituminous coal","NOx",9,0,,,,,,,,0,4536820,
"기타 | 석탄 | 역청탄 | 유연탄","Other | Coal | Bituminous coal | Bituminous coal","SOx",9,0,,,,,,,,0,2699469,
"기타 | 석탄 | 역청탄 | 유연탄","Other | Coal | Bituminous coal | Bituminous coal","TSP",9,0,,,,,,,,0,304035,
"무연탄","Anthracite","NOx",17,14,0.499984365367531,0.44540738989809,0.0675093984951947,0.232890813180593,0.254003850501009,0.735603700837797,1.47312086287263,28768482.618588,13465643.765,0.468069308469524
"무연탄","Anthracite","SOx",17,14,0.504172875106279,0.25380466268376,0.13907601906941,0.232246032626602,0.604582282929402,0.690256750903252,0.845506908914713,28768482.618588,15521210.3873,0.539521343307532
"무연탄","Anthracite","TSP",17,14,0.0146565552842237,0.011186286205979,0.00236728194006273,0.00821293048818678,0.0100706821238407,0.0165895850620665,0.0453328825360863,28768482.618588,377871.7922,0.0131349225890645
"무연탄 | 바이오 | 바이오중유","Anthracite | Bio | Bio heavy oil","NOx",5,0,,,,,,,,0,1702629,
"무연탄 | 바이오 | 바이오중유","Anthracite | Bio | Bio heavy oil","SOx",5,0,,,,,,,,0,64103,
"무연탄 | 바이오 | 바이오중유","Anthracite | Bio | Bio heavy oil","TSP",5,0,,,,,,,,0,64401,
"석탄","Coal","NOx",11,9,41.8222285549715,118.214640499553,0.0517986980031305,0.207361431841106,0.459488308265885,8.15011312212619,356.9221009092,5887688.376325,1385984,0.235403763142965
"석탄","Coal","SOx",11,9,21.9491563479617,60.6053148075334,0.0545004165828005,0.155663240600538,0.338229858128335,5.1722352629692,183.396424905038,5887688.376325,1183580,0.201026264358572
"석탄","Coal","TSP",11,9,3.15292048445899,8.86344105306256,0.00202345208689471,0.0137471911755604,0.029491336198839,0.508179800002311,26.7714739512455,5887688.376325,101049,0.0171627629625115
"석탄 | 유연탄","Coal | Bituminous coal","NOx",23,0,,,,,,,,0,4834329,
"석탄 | 유연탄","Coal | Bituminous coal","SOx",23,0,,,,,,,,0,5106294,
"석탄 | 유연탄","Coal | Bituminous coal","TSP",23,0,,,,,,,,0,299082,
"유류","Oil","NOx",10,6,0.764629852653307,0.560218668673561,0,0.375208340595494,0.814789426464069,1.19197880954544,1.41181034711317,754191.361289,476641,0.631989471724213
"유류","Oil","SOx",10,6,0.592505273619187,0.661536478212025,0,0.154090695124134,0.438226252418128,0.732563064051524,1.78852495959007,754191.361289,251641,0.333656698970824
"유류","Oil","TSP",10,6,0.0420858088896887,0.0366318962576769,0,0.0255103783347586,0.0333569508861259,0.0498581034428335,0.107547609786509,754191.361289,36210,0.0480116875617787
"유연탄","Bituminous coal","NOx",166,91,0.225657599462805,0.239918198332432,0.0236038038874497,0.0789564370138606,0.137975432915332,0.240637223335773,1.02915295270529,1672346951.47077,367644490.7339,0.219837450841507
"유연탄","Bituminous coal","SOx",166,91,0.174697033619343,0.181797921964455,0.0113068069825339,0.0626518028297745,0.127570688660185,0.184088018574994,0.862291285813277,1672346951.47077,311941006.4922,0.186528881592339
"유연탄","Bituminous coal","TSP",166,91,0.00936582817836937,0.00538156432936137,0.00089599467842883,0.00555272992255148,0.00855974571166908,0.0118580128886201,0.0279063566299915,1672346951.47077,18019197.9296,0.0107747964103697
"유연탄 | 중유","Bituminous coal | Heavy oil","NOx",9,0,,,,,,,,0,5760094,
"유연탄 | 중유","Bituminous coal | Heavy oil","SOx",9,0,,,,,,,,0,1812477,
"유연탄 | 중유","Bituminous coal | Heavy oil","TSP",9,0,,,,,,,,0,95746,
"중유","Heavy oil","NOx",31,10,0.652690530151897,0.760549295348414,0,0.157739008053031,0.267419972215136,1.2655782158904,1.8692105002178,14543080.5,7990432,0.549431875867015
"중유","Heavy oil","SOx",31,10,0.266288838268241,0.288618756834413,0,0.0791253121216816,0.12285785098933,0.508534551524717,0.736394786180693,14543080.5,4106510,0.282368649475605
"중유","Heavy oil","TSP",31,7,0.00688864288977398,0.00495249266277027,0,0.00300574027397519,0.00765974874043937,0.0109927551725074,0.0125637605950134,12151790.5,114794,0.00944667372269132
