"source_dataset","date","plant_name","plant_number","energy_type_clean","energy_generated_mwh","emissions_kg","ef_kg_per_mwh","pollutant"
"western_power",2007-03-01,"Pyeongtaek",4,"oil_and_natural_gas",246406,220600,0.895270407376444,"SOx"
"eastwest_power",2010-01-01,"Ulsan",2,"oil",37893.208,62584.3077,1.65159697484573,"SOx"
"eastwest_power",2010-02-01,"Honam",1,"coal",161600.228,326163.0782,2.0183330323024,"SOx"
"eastwest_power",2010-02-01,"Ulsan",2,"oil",21596.708,35239.3942,1.63170211867475,"SOx"
"eastwest_power",2010-03-01,"Honam",1,"coal",178639.057,348406.0465,1.95033523100158,"SOx"
"eastwest_power",2010-03-01,"Ulsan",2,"oil",22276.542,38686.6203,1.7366528566238,"SOx"
"eastwest_power",2010-04-01,"Honam",1,"coal",32017.692,66870.3617,2.0885440993061,"SOx"
"eastwest_power",2010-04-01,"Ulsan",2,"oil",7309.123,13317.7953,1.82207842172036,"SOx"
"eastwest_power",2010-06-01,"Honam",2,"coal",14948.113,34088.5549,2.28045873750085,"SOx"
"eastwest_power",2010-06-01,"Ulsan",2,"oil",9558.667,15106.1847,1.58036520154955,"SOx"
"eastwest_power",2010-09-01,"Honam",1,"coal",172748.793,336002.7634,1.94503682234121,"SOx"
"eastwest_power",2010-09-01,"Honam",2,"coal",150372.066,336667.2238,2.23889471466063,"SOx"
"eastwest_power",2010-10-01,"Honam",1,"coal",184878.764,369988.9198,2.00125158668845,"SOx"
"eastwest_power",2010-10-01,"Honam",2,"coal",179102.221,417291.3267,2.3299059295306,"SOx"
"western_power",2010-11-01,"Pyeongtaek",3,"oil_and_natural_gas",33,100,3.03030303030303,"SOx"
"eastwest_power",2011-10-01,"Ulsan",2,"oil",1436.659,3159.9339,2.19950169107631,"SOx"
"eastwest_power",2013-05-01,"Donghae",2,"coal",49968.858,68812.2198,1.37710211027837,"SOx"
"eastwest_power",2014-06-01,"Honam",2,"coal",23.961,234.3644,9.781077584408,"SOx"
"western_power",2015-07-01,"Taean",,"coal",1260,100,0.0793650793650794,"SOx"
"western_power",2015-09-01,"Taean",,"coal",467,100,0.214132762312634,"SOx"
"southern_power",2015-10-01,"Hadong",7,"coal",78364.001,39250,0.500867739001739,"SOx"
"southern_power",2015-11-01,"Hadong",8,"coal",202995.5788,95769,0.471778747922169,"SOx"
"western_power",2016-09-01,"Pyeongtaek",1,"oil_and_natural_gas",5670,8500,1.49911816578483,"SOx"
"eastwest_power",2016-10-01,"Dangjin",7,"coal",1.241,10.2812,8.28460918614021,"SOx"
"eastwest_power",2016-11-01,"Dangjin",7,"coal",169.25,128.601,0.759828655834564,"SOx"
"western_power",2017-01-01,"Taean",9,"coal",729921,264200,0.361956978905936,"SOx"
"western_power",2017-02-01,"Taean",9,"coal",684722,246800,0.360438250852171,"SOx"
"western_power",2017-03-01,"Taean",9,"coal",694927,212700,0.30607531438554,"SOx"
"western_power",2017-04-01,"Taean",9,"coal",690001,306200,0.443767472800764,"SOx"
"western_power",2017-05-01,"Taean",9,"coal",747394,294500,0.394035809760314,"SOx"
"western_power",2017-06-01,"Taean",9,"coal",646502,203500,0.314770874645399,"SOx"
"western_power",2017-08-01,"Taean",9,"coal",749933,172300,0.229753858011316,"SOx"
"western_power",2017-09-01,"Taean",9,"coal",725428,182800,0.251989170531052,"SOx"
"western_power",2017-10-01,"Taean",9,"coal",276330,68900,0.249339557775124,"SOx"
"eastwest_power",2018-07-01,"Honam",1,"coal",21.256,3597.183,169.231417011667,"SOx"
"southern_power",2018-10-01,"Samcheok",1,"coal",1988.15943,3063,1.54062091489313,"SOx"
"western_power",2018-11-01,"Taean",10,"coal",4,800,200,"SOx"
"southern_power",2020-09-01,"Hadong",1,"coal",9220.82378,57239,6.2075798611564,"SOx"
"southern_power",2020-09-01,"Hadong",2,"coal",476,25451,53.468487394958,"SOx"
"southern_power",2020-09-01,"Namjeju Steam",1,"bio_oil_and_diesel",1330.4,3156,2.37221888153939,"SOx"
"southern_power",2020-09-01,"Namjeju Steam",2,"bio_oil_and_diesel",1318.3,3258,2.47136463627399,"SOx"
"eastwest_power",2022-03-01,"Donghae",1,"coal",139.938,360.143,2.57358973259586,"SOx"
"eastwest_power",2022-11-01,"Dangjin",4,"coal",61.539,137.85,2.24004289962463,"SOx"
"western_power",2023-01-01,"Taean",,"coal",58454,609000,10.4184486947001,"SOx"
"southern_power",2023-04-01,"Samcheok",2,"coal",197.9439,113,0.570868816871851,"SOx"
"western_power",2002-01-01,"Seoincheon",1,"natural_gas",87842,66900,0.761594681359714,"NOx"
"western_power",2002-01-01,"Seoincheon",5,"natural_gas",85277,53700,0.629712583697832,"NOx"
"western_power",2002-01-01,"Seoincheon",6,"natural_gas",94490,53900,0.570430733410943,"NOx"
"western_power",2002-01-01,"Seoincheon",7,"natural_gas",90660,52700,0.581292742113391,"NOx"
"western_power",2002-02-01,"Seoincheon",1,"natural_gas",51850,41500,0.800385728061716,"NOx"
"western_power",2002-02-01,"Seoincheon",5,"natural_gas",56508,38900,0.68839810292348,"NOx"
"western_power",2002-02-01,"Seoincheon",6,"natural_gas",30894,20400,0.660322392697611,"NOx"
"western_power",2002-02-01,"Seoincheon",7,"natural_gas",53274,26700,0.501182565604235,"NOx"
"western_power",2002-03-01,"Seoincheon",1,"natural_gas",65795,49700,0.755376548369937,"NOx"
"western_power",2002-03-01,"Seoincheon",5,"natural_gas",56528,40800,0.721766204358902,"NOx"
"western_power",2002-03-01,"Seoincheon",6,"natural_gas",59953,43300,0.722232415392057,"NOx"
"western_power",2002-03-01,"Seoincheon",7,"natural_gas",50626,30600,0.604432505036938,"NOx"
"western_power",2002-04-01,"Seoincheon",1,"natural_gas",63310,47400,0.748696888327278,"NOx"
"western_power",2002-04-01,"Seoincheon",5,"natural_gas",65163,42200,0.647606770713442,"NOx"
"western_power",2002-04-01,"Seoincheon",6,"natural_gas",82363,55900,0.678702815584668,"NOx"
"western_power",2002-05-01,"Seoincheon",1,"natural_gas",71854,53900,0.750132212542099,"NOx"
"western_power",2002-05-01,"Seoincheon",5,"natural_gas",73689,48400,0.656814449917898,"NOx"
"western_power",2002-05-01,"Seoincheon",6,"natural_gas",82805,47700,0.576052170762635,"NOx"
"western_power",2002-05-01,"Seoincheon",7,"natural_gas",59032,38000,0.643718661065185,"NOx"
"western_power",2002-06-01,"Seoincheon",1,"natural_gas",79753,59300,0.743545697340539,"NOx"
"western_power",2002-06-01,"Seoincheon",5,"natural_gas",82770,51000,0.616165277274375,"NOx"
"western_power",2002-06-01,"Seoincheon",6,"natural_gas",95325,50200,0.526619459742985,"NOx"
"western_power",2002-06-01,"Seoincheon",7,"natural_gas",75762,48900,0.64544230616932,"NOx"
"western_power",2002-07-01,"Seoincheon",1,"natural_gas",102525,68300,0.666178980736406,"NOx"
"western_power",2002-07-01,"Seoincheon",5,"natural_gas",95746,63900,0.6673908048378,"NOx"
"western_power",2002-07-01,"Seoincheon",7,"natural_gas",103318,55100,0.533304942023655,"NOx"
"western_power",2002-08-01,"Seoincheon",1,"natural_gas",84557,64400,0.761616424423762,"NOx"
"western_power",2002-08-01,"Seoincheon",5,"natural_gas",92014,54600,0.593387962701328,"NOx"
"western_power",2002-09-01,"Seoincheon",1,"natural_gas",79328,31800,0.400867285195643,"NOx"
"western_power",2002-09-01,"Seoincheon",5,"natural_gas",94959,55700,0.586568940279489,"NOx"
"western_power",2002-09-01,"Seoincheon",6,"natural_gas",90065,44200,0.490756675734192,"NOx"
"western_power",2002-09-01,"Seoincheon",7,"natural_gas",86095,44900,0.521516928973808,"NOx"
"western_power",2002-10-01,"Seoincheon",1,"natural_gas",96605,88800,0.919207080378862,"NOx"
"western_power",2002-10-01,"Seoincheon",5,"natural_gas",106982,65400,0.611317791778056,"NOx"
"western_power",2002-10-01,"Seoincheon",6,"natural_gas",116517,55100,0.47289236763734,"NOx"
"western_power",2002-10-01,"Seoincheon",7,"natural_gas",108201,62800,0.580401290191403,"NOx"
"western_power",2002-11-01,"Seoincheon",1,"natural_gas",62304,33600,0.539291217257319,"NOx"
"western_power",2002-11-01,"Seoincheon",6,"natural_gas",110080,53300,0.484193313953488,"NOx"
"western_power",2002-11-01,"Seoincheon",7,"natural_gas",104918,55200,0.526125164414114,"NOx"
"western_power",2002-12-01,"Seoincheon",1,"natural_gas",76100,42000,0.551905387647832,"NOx"
"western_power",2002-12-01,"Seoincheon",4,"natural_gas",99793,98000,0.982032807912379,"NOx"
"western_power",2002-12-01,"Seoincheon",5,"natural_gas",12437,7600,0.611079842405725,"NOx"
"western_power",2002-12-01,"Seoincheon",7,"natural_gas",85985,44200,0.514043147060534,"NOx"
"western_power",2003-01-01,"Seoincheon",1,"natural_gas",75997,42300,0.556600918457308,"NOx"
"western_power",2003-01-01,"Seoincheon",5,"natural_gas",79558,55400,0.696347318937128,"NOx"
"western_power",2003-01-01,"Seoincheon",6,"natural_gas",82747,40800,0.493069235138434,"NOx"
"western_power",2003-02-01,"Seoincheon",1,"natural_gas",33043,20000,0.605271918409345,"NOx"
"western_power",2003-02-01,"Seoincheon",4,"natural_gas",98459,95800,0.972993834997309,"NOx"
"western_power",2003-02-01,"Seoincheon",5,"natural_gas",39680,23000,0.579637096774194,"NOx"
"western_power",2003-02-01,"Seoincheon",6,"natural_gas",28082,14900,0.53058898938822,"NOx"
"western_power",2003-02-01,"Seoincheon",7,"natural_gas",29839,14500,0.485941217869232,"NOx"
"western_power",2003-03-01,"Seoincheon",1,"natural_gas",75008,47300,0.630599402730375,"NOx"
"western_power",2003-03-01,"Seoincheon",5,"natural_gas",76202,46500,0.610220204194116,"NOx"
"western_power",2003-03-01,"Seoincheon",6,"natural_gas",66212,39500,0.59656859783725,"NOx"
"western_power",2003-04-01,"Seoincheon",1,"natural_gas",78277,47100,0.601709314357985,"NOx"
"western_power",2003-04-01,"Seoincheon",5,"natural_gas",83257,51300,0.616164406596442,"NOx"
"western_power",2003-04-01,"Seoincheon",6,"natural_gas",89386,47800,0.53475935828877,"NOx"
"western_power",2003-05-01,"Seoincheon",1,"natural_gas",78843,46900,0.59485306241518,"NOx"
"western_power",2003-05-01,"Seoincheon",5,"natural_gas",84799,49300,0.581374780362976,"NOx"
"western_power",2003-05-01,"Seoincheon",6,"natural_gas",88025,41700,0.473729054245953,"NOx"
"western_power",2003-05-01,"Seoincheon",7,"natural_gas",89215,46300,0.518971025051841,"NOx"
"western_power",2003-06-01,"Seoincheon",1,"natural_gas",79328,45800,0.577349737797499,"NOx"
"western_power",2003-06-01,"Seoincheon",6,"natural_gas",88480,41800,0.472423146473779,"NOx"
"western_power",2003-07-01,"Seoincheon",1,"natural_gas",79504,46700,0.58739182934192,"NOx"
"western_power",2003-08-01,"Seoincheon",1,"natural_gas",79797,46300,0.580222314122085,"NOx"
"western_power",2003-09-01,"Seoincheon",1,"natural_gas",56358,33000,0.585542425210263,"NOx"
"western_power",2003-09-01,"Seoincheon",6,"natural_gas",64764,30800,0.475572849113705,"NOx"
"western_power",2003-10-01,"Seoincheon",1,"natural_gas",72468,41900,0.578186233923939,"NOx"
"western_power",2003-10-01,"Seoincheon",5,"natural_gas",70672,41700,0.590049807561693,"NOx"
"western_power",2003-10-01,"Seoincheon",6,"natural_gas",86842,42700,0.491697565694019,"NOx"
"western_power",2003-11-01,"Seoincheon",1,"natural_gas",65209,37400,0.573540462206137,"NOx"
"western_power",2003-11-01,"Seoincheon",5,"natural_gas",75782,43800,0.5779736612916,"NOx"
"western_power",2003-11-01,"Seoincheon",6,"natural_gas",77922,40600,0.521033854367188,"NOx"
"western_power",2003-12-01,"Seoincheon",5,"natural_gas",94401,55900,0.592154744123473,"NOx"
"western_power",2003-12-01,"Seoincheon",6,"natural_gas",95167,57200,0.601048682841741,"NOx"
"western_power",2003-12-01,"Seoincheon",7,"natural_gas",98371,48400,0.492014923097254,"NOx"
"western_power",2004-01-01,"Seoincheon",5,"natural_gas",76087,44400,0.583542523689986,"NOx"
"western_power",2004-01-01,"Seoincheon",6,"natural_gas",106746,63000,0.590186049125963,"NOx"
"western_power",2004-01-01,"Seoincheon",7,"natural_gas",108222,55300,0.510986675537321,"NOx"
"western_power",2004-02-01,"Seoincheon",6,"natural_gas",107089,62100,0.579891492123374,"NOx"
"western_power",2004-03-01,"Seoincheon",6,"natural_gas",105396,57500,0.545561501385252,"NOx"
"western_power",2004-04-01,"Seoincheon",4,"natural_gas",52315,62500,1.19468603650961,"NOx"
"western_power",2004-04-01,"Seoincheon",6,"natural_gas",72243,57500,0.795924864692773,"NOx"
"western_power",2004-04-01,"Seoincheon",7,"natural_gas",99903,50500,0.505490325615847,"NOx"
"western_power",2004-05-01,"Seoincheon",7,"natural_gas",86712,43500,0.501660669803487,"NOx"
"western_power",2004-06-01,"Seoincheon",7,"natural_gas",101017,52000,0.514764841561321,"NOx"
"western_power",2004-11-01,"Seoincheon",5,"natural_gas",63066,33700,0.534360828338566,"NOx"
"western_power",2005-01-01,"Pyeongtaek",1,"natural_gas",105032,214800,2.04509101987966,"NOx"
"western_power",2005-01-01,"Seoincheon",6,"natural_gas",101491,49400,0.486742666837454,"NOx"
"western_power",2005-02-01,"Pyeongtaek",1,"natural_gas",45048,85800,1.90463505594033,"NOx"
"western_power",2005-03-01,"Pyeongtaek",1,"natural_gas",36354,77100,2.12081201518402,"NOx"
"western_power",2005-05-01,"Seoincheon",6,"natural_gas",59291,31600,0.532964530873151,"NOx"
"western_power",2005-06-01,"Pyeongtaek",1,"natural_gas",72352,102000,1.40977443609023,"NOx"
"western_power",2005-07-01,"Pyeongtaek",1,"natural_gas",75238,109000,1.44873601105824,"NOx"
"western_power",2005-08-01,"Pyeongtaek",1,"natural_gas",53644,82800,1.54350905972709,"NOx"
"western_power",2005-09-01,"Pyeongtaek",1,"natural_gas",93082,154800,1.66304978406137,"NOx"
"western_power",2005-10-01,"Pyeongtaek",1,"natural_gas",32518,54000,1.6606187342395,"NOx"
"western_power",2005-11-01,"Pyeongtaek",1,"natural_gas",44832,76200,1.69967880085653,"NOx"
"western_power",2005-11-01,"Seoincheon",5,"natural_gas",69534,40500,0.582448873932177,"NOx"
"western_power",2005-12-01,"Pyeongtaek",1,"natural_gas",119418,204200,1.70995997253345,"NOx"
"western_power",2005-12-01,"Seoincheon",5,"natural_gas",116684,69100,0.592197730622879,"NOx"
"western_power",2006-01-01,"Pyeongtaek",1,"natural_gas",15980,28300,1.77096370463079,"NOx"
"western_power",2006-01-01,"Seoincheon",5,"natural_gas",53154,29100,0.547465853933853,"NOx"
"western_power",2006-02-01,"Pyeongtaek",1,"natural_gas",27300,44700,1.63736263736264,"NOx"
"western_power",2006-02-01,"Seoincheon",5,"natural_gas",20901,13800,0.660255490167935,"NOx"
"western_power",2006-03-01,"Pyeongtaek",1,"natural_gas",75762,123900,1.63538449354558,"NOx"
"western_power",2006-04-01,"Pyeongtaek",1,"natural_gas",51938,85400,1.6442681658901,"NOx"
"western_power",2006-05-01,"Pyeongtaek",1,"natural_gas",7336,9800,1.33587786259542,"NOx"
"eastwest_power",2010-02-01,"Honam",1,"coal",161600.228,279040.1467,1.72673114483477,"NOx"
"eastwest_power",2010-03-01,"Honam",1,"coal",178639.057,312734.1745,1.75064837304868,"NOx"
"eastwest_power",2010-04-01,"Honam",1,"coal",32017.692,69944.9581,2.18457214530017,"NOx"
"eastwest_power",2010-04-01,"Ulsan",2,"oil",7309.123,14064.6616,1.92426117333092,"NOx"
"eastwest_power",2010-06-01,"Honam",2,"coal",14948.113,24150.3394,1.61561124136538,"NOx"
"western_power",2010-11-01,"Pyeongtaek",3,"oil_and_natural_gas",33,700,21.2121212121212,"NOx"
"eastwest_power",2011-10-01,"Ulsan",2,"oil",1436.659,3121.8396,2.17298579551585,"NOx"
"western_power",2012-03-01,"Seoincheon",2,"natural_gas",263,3000,11.4068441064639,"NOx"
"southern_power",2012-10-01,"Busan",7,"natural_gas",652,365,0.559815950920245,"NOx"
"southern_power",2012-10-01,"Busan",8,"natural_gas",670,483,0.72089552238806,"NOx"
"western_power",2013-06-01,"Pyeongtaek",2,"natural_gas",41256,72000,1.74520069808028,"NOx"
"western_power",2013-07-01,"Pyeongtaek",2,"natural_gas",104888,155400,1.48158035237587,"NOx"
"western_power",2013-08-01,"Pyeongtaek",2,"natural_gas",103708,153500,1.48011725228526,"NOx"
"western_power",2013-09-01,"Seoincheon",7,"natural_gas",1091,700,0.641613198900092,"NOx"
"eastwest_power",2013-10-01,"Ulsan",13,"natural_gas",57004.74,14503.116,0.25441947459106,"NOx"
"eastwest_power",2013-11-01,"Ulsan",13,"natural_gas",38232.376,17593.4768,0.460172205881214,"NOx"
"eastwest_power",2013-11-01,"Ulsan",14,"natural_gas",44501.791,10819.1216,0.24311654333193,"NOx"
"eastwest_power",2013-12-01,"Ulsan",13,"natural_gas",40181.996,16114.988,0.401049962774373,"NOx"
"eastwest_power",2013-12-01,"Ulsan",14,"natural_gas",41400.528,10627.7098,0.256704692268659,"NOx"
"eastwest_power",2014-01-01,"Ulsan",13,"natural_gas",35073.805,15590.1748,0.444496250121708,"NOx"
"eastwest_power",2014-01-01,"Ulsan",14,"natural_gas",30886.848,8248.5267,0.267056279099764,"NOx"
"eastwest_power",2014-02-01,"Ulsan",14,"natural_gas",13724.715,4366.0537,0.318116164889398,"NOx"
"western_power",2014-04-01,"Pyeongtaek",2,"oil_and_natural_gas",4443,8900,2.00315102408283,"NOx"
"southern_power",2014-05-01,"Shin-Incheon",1,"natural_gas",279,1394,4.99641577060932,"NOx"
"eastwest_power",2014-06-01,"Honam",2,"coal",23.961,1791.1989,74.7547639914862,"NOx"
"eastwest_power",2014-06-01,"Ulsan",8,"natural_gas",3234.843,22257.1572,6.88044433686581,"NOx"
"eastwest_power",2014-08-01,"Ulsan",5,"oil",1946.624,3267.8195,1.67871119435494,"NOx"
"eastwest_power",2014-11-01,"Dangjin",1,"coal",5.406,84.0236,15.5426563078061,"NOx"
"southern_power",2014-11-01,"Busan",1,"natural_gas",462,732,1.58441558441558,"NOx"
"eastwest_power",2015-01-01,"Ulsan",6,"oil",5022.947,10549.1664,2.10019464668849,"NOx"
"eastwest_power",2015-03-01,"Ulsan",11,"natural_gas",1837.131,29710.7767,16.1723778543827,"NOx"
"southern_power",2015-06-01,"Shin-Incheon",6,"natural_gas",2006,2267,1.13010967098704,"NOx"
"western_power",2015-07-01,"Taean",,"coal",1260,2100,1.66666666666667,"NOx"
"western_power",2015-08-01,"Taean",,"coal",563,600,1.06571936056838,"NOx"
"western_power",2015-09-01,"Taean",,"coal",467,600,1.2847965738758,"NOx"
"western_power",2015-10-01,"Seoincheon",2,"natural_gas",355,400,1.12676056338028,"NOx"
"southern_power",2015-11-01,"Busan",5,"natural_gas",628,1322,2.10509554140127,"NOx"
"southern_power",2015-11-01,"Busan",6,"natural_gas",540,925,1.71296296296296,"NOx"
"southern_power",2015-11-01,"Shin-Incheon",1,"natural_gas",22451,13372,0.595608213442608,"NOx"
"southern_power",2015-12-01,"Shin-Incheon",6,"natural_gas",134,140,1.04477611940298,"NOx"
"western_power",2016-01-01,"Seoincheon",1,"natural_gas",5738,1900,0.33112582781457,"NOx"
"western_power",2016-01-01,"Taean",,"coal",116,200,1.72413793103448,"NOx"
"southern_power",2016-02-01,"Shin-Incheon",3,"natural_gas",5923,3843,0.648826608137768,"NOx"
"western_power",2016-02-01,"Seoincheon",1,"natural_gas",222,300,1.35135135135135,"NOx"
"western_power",2016-02-01,"Seoincheon",3,"natural_gas",310,400,1.29032258064516,"NOx"
"western_power",2016-02-01,"Taean",,"coal",97,100,1.03092783505155,"NOx"
"southern_power",2016-04-01,"Busan",5,"natural_gas",1798,1180,0.656284760845384,"NOx"
"southern_power",2016-04-01,"Busan",6,"natural_gas",1440,1200,0.833333333333333,"NOx"
"southern_power",2016-06-01,"Busan",8,"natural_gas",190,492,2.58947368421053,"NOx"
"eastwest_power",2016-10-01,"Dangjin",7,"coal",1.241,72.5112,58.4296535052377,"NOx"
"eastwest_power",2016-11-01,"Dangjin",7,"coal",169.25,892.3193,5.27219675036928,"NOx"
"southern_power",2016-11-01,"Yeongwol",1,"natural_gas",4620,14166,3.06623376623377,"NOx"
"southern_power",2016-11-01,"Yeongwol",2,"natural_gas",2635,10933,4.14914611005693,"NOx"
"southern_power",2016-11-01,"Yeongwol",3,"natural_gas",3141,11607,3.69531996179561,"NOx"
"western_power",2017-01-01,"Taean",9,"coal",729921,234500,0.32126764403271,"NOx"
"southern_power",2017-02-01,"Shin-Incheon",6,"natural_gas",1646,1280,0.777642770352369,"NOx"
"western_power",2017-02-01,"Seoincheon",4,"natural_gas",1407,1700,1.20824449182658,"NOx"
"western_power",2017-02-01,"Seoincheon",6,"natural_gas",2319,1200,0.517464424320828,"NOx"
"western_power",2017-02-01,"Taean",9,"coal",684722,211400,0.308738436913083,"NOx"
"western_power",2017-03-01,"Seoincheon",4,"natural_gas",268,300,1.11940298507463,"NOx"
"western_power",2017-03-01,"Seoincheon",7,"natural_gas",180,400,2.22222222222222,"NOx"
"western_power",2017-03-01,"Taean",9,"coal",694927,222300,0.319889715034817,"NOx"
"southern_power",2017-04-01,"Shin-Incheon",3,"natural_gas",1289,920,0.713731574864236,"NOx"
"southern_power",2017-04-01,"Shin-Incheon",4,"natural_gas",672,474,0.705357142857143,"NOx"
"western_power",2017-04-01,"Taean",9,"coal",690001,225400,0.326666193237401,"NOx"
"southern_power",2017-05-01,"Busan",5,"natural_gas",8042,7864,0.977866202437205,"NOx"
"southern_power",2017-05-01,"Busan",6,"natural_gas",5271,5040,0.956175298804781,"NOx"
"southern_power",2017-05-01,"Busan",7,"natural_gas",2856,2853,0.998949579831933,"NOx"
"southern_power",2017-05-01,"Busan",8,"natural_gas",3968,2533,0.63835685483871,"NOx"
"western_power",2017-05-01,"Taean",9,"coal",747394,240700,0.322052357926341,"NOx"
"western_power",2017-06-01,"Taean",9,"coal",646502,196000,0.303169982459451,"NOx"
"western_power",2017-07-01,"Taean",9,"coal",743351,187100,0.251698053813071,"NOx"
"western_power",2017-08-01,"Taean",9,"coal",749933,208200,0.277624801148903,"NOx"
"western_power",2017-08-01,"Taean",10,"coal",401259,76200,0.189902282565625,"NOx"
"southern_power",2017-09-01,"Busan",3,"natural_gas",6787,4003,0.589804037129807,"NOx"
"southern_power",2017-09-01,"Shin-Incheon",5,"natural_gas",105,333,3.17142857142857,"NOx"
"western_power",2017-09-01,"Seoincheon",5,"natural_gas",363,300,0.826446280991736,"NOx"
"western_power",2017-09-01,"Taean",9,"coal",725428,192900,0.26591198575186,"NOx"
"western_power",2017-09-01,"Taean",10,"coal",597086,119000,0.199301273183428,"NOx"
"southern_power",2017-10-01,"Busan",2,"natural_gas",756,575,0.760582010582011,"NOx"
"western_power",2017-10-01,"Seoincheon",7,"natural_gas",199,300,1.50753768844221,"NOx"
"western_power",2017-10-01,"Taean",9,"coal",276330,65300,0.236311656352911,"NOx"
"western_power",2017-11-01,"Taean",10,"coal",722789,148000,0.204762385703158,"NOx"
"western_power",2017-12-01,"Taean",10,"coal",661086,147200,0.222663919671571,"NOx"
"southern_power",2018-01-01,"Shin-Incheon",5,"natural_gas",2683,2538,0.94595601938129,"NOx"
"western_power",2018-01-01,"Seoincheon",3,"natural_gas",672,700,1.04166666666667,"NOx"
"western_power",2018-01-01,"Seoincheon",7,"natural_gas",2785,1400,0.502692998204668,"NOx"
"western_power",2018-01-01,"Taean",10,"coal",662238,128300,0.193736994856834,"NOx"
"western_power",2018-02-01,"Seoincheon",7,"natural_gas",223,400,1.79372197309417,"NOx"
"southern_power",2018-03-01,"Shin-Incheon",3,"natural_gas",2844,2749,0.966596343178622,"NOx"
"western_power",2018-03-01,"Seoincheon",3,"natural_gas",488,500,1.02459016393443,"NOx"
"western_power",2018-03-01,"Seoincheon",7,"natural_gas",571,500,0.875656742556918,"NOx"
"southern_power",2018-04-01,"Shin-Incheon",5,"natural_gas",1757,1592,0.906089926010245,"NOx"
"western_power",2018-05-01,"Pyeongtaek",4,"oil_and_natural_gas",1580,2800,1.77215189873418,"NOx"
"eastwest_power",2018-07-01,"Honam",1,"coal",21.256,4455.258,209.600018818216,"NOx"
"southern_power",2018-07-01,"Busan",5,"natural_gas",515,1043,2.0252427184466,"NOx"
"southern_power",2018-07-01,"Busan",6,"natural_gas",507,791,1.56015779092702,"NOx"
"western_power",2018-07-01,"Taean",,"coal",189,300,1.58730158730159,"NOx"
"eastwest_power",2018-09-01,"Dangjin",10,"coal",28.572,43.147,1.51011479770405,"NOx"
"southern_power",2018-10-01,"Samcheok",1,"coal",1988.15943,3994,2.00889322039933,"NOx"
"western_power",2018-10-01,"Seoincheon",8,"natural_gas",245,400,1.63265306122449,"NOx"
"southern_power",2018-11-01,"Busan",3,"natural_gas",1494,1571,1.05153949129853,"NOx"
"southern_power",2018-11-01,"Busan",4,"natural_gas",2107,1845,0.875652586616042,"NOx"
"western_power",2018-11-01,"Taean",10,"coal",4,1400,350,"NOx"
"southern_power",2018-12-01,"Busan",1,"natural_gas",2334,3432,1.47043701799486,"NOx"
"southern_power",2018-12-01,"Busan",2,"natural_gas",2083,3488,1.6745079212674,"NOx"
"western_power",2018-12-01,"Seoincheon",2,"natural_gas",291,500,1.71821305841924,"NOx"
"southern_power",2019-01-01,"Shin-Incheon",5,"natural_gas",89,361,4.0561797752809,"NOx"
"southern_power",2019-01-01,"Shin-Incheon",7,"natural_gas",537,681,1.26815642458101,"NOx"
"southern_power",2019-01-01,"Shin-Incheon",8,"natural_gas",291,965,3.31615120274914,"NOx"
"southern_power",2019-02-01,"Shin-Incheon",5,"natural_gas",694,788,1.13544668587896,"NOx"
"southern_power",2019-02-01,"Shin-Incheon",6,"natural_gas",693,701,1.01154401154401,"NOx"
"western_power",2019-02-01,"Seoincheon",3,"natural_gas",198,300,1.51515151515152,"NOx"
"western_power",2019-03-01,"Seoincheon",6,"natural_gas",334,500,1.49700598802395,"NOx"
"western_power",2019-04-01,"Seoincheon",4,"natural_gas",561,700,1.24777183600713,"NOx"
"eastwest_power",2019-05-01,"Ilsan",4,"natural_gas",239.84,878.598,3.66326717811875,"NOx"
"western_power",2019-05-01,"Seoincheon",2,"natural_gas",216,400,1.85185185185185,"NOx"
"western_power",2019-06-01,"Seoincheon",7,"natural_gas",556,300,0.539568345323741,"NOx"
"western_power",2019-09-01,"Seoincheon",2,"natural_gas",555,1400,2.52252252252252,"NOx"
"southern_power",2019-11-01,"Shin-Incheon",3,"natural_gas",8650.061,6178,0.714214616521201,"NOx"
"southern_power",2019-11-01,"Shin-Incheon",4,"natural_gas",9771.812,7334,0.750526105086754,"NOx"
"southern_power",2019-11-01,"Shin-Incheon",7,"natural_gas",1435.858,2466,1.71744002540641,"NOx"
"southern_power",2019-11-01,"Shin-Incheon",8,"natural_gas",3767.27,6016,1.59691235297709,"NOx"
"western_power",2020-01-01,"Seoincheon",2,"natural_gas",807,1100,1.36307311028501,"NOx"
"western_power",2020-01-01,"Seoincheon",8,"natural_gas",1124,1100,0.97864768683274,"NOx"
"southern_power",2020-02-01,"Shin-Incheon",8,"natural_gas",1620,2096,1.29382716049383,"NOx"
"southern_power",2020-03-01,"Shin-Incheon",3,"natural_gas",926,855,0.923326133909287,"NOx"
"southern_power",2020-03-01,"Shin-Incheon",4,"natural_gas",838,593,0.70763723150358,"NOx"
"southern_power",2020-04-01,"Shin-Incheon",6,"natural_gas",813,642,0.789667896678967,"NOx"
"western_power",2020-05-01,"Seoincheon",6,"natural_gas",1804,1700,0.942350332594235,"NOx"
"western_power",2020-05-01,"Seoincheon",7,"natural_gas",495,300,0.606060606060606,"NOx"
"western_power",2020-05-01,"Taean",9,"coal",690,1200,1.73913043478261,"NOx"
"southern_power",2020-06-01,"Busan",5,"natural_gas",100,607,6.07,"NOx"
"southern_power",2020-06-01,"Busan",6,"natural_gas",92,729,7.92391304347826,"NOx"
"southern_power",2020-07-01,"Namjeju Combined",,"natural_gas",2317.785863,453,0.195445147557188,"NOx"
"western_power",2020-07-01,"Seoincheon",7,"natural_gas",1127,600,0.532386867790595,"NOx"
"western_power",2020-07-01,"Seoincheon",8,"natural_gas",322,300,0.93167701863354,"NOx"
"southern_power",2020-08-01,"Namjeju Combined",,"natural_gas",2197.341745,3788,1.72390116768113,"NOx"
"southern_power",2020-09-01,"Hadong",1,"coal",9220.82378,37607,4.07848592460575,"NOx"
"southern_power",2020-09-01,"Hadong",2,"coal",476,43018,90.3739495798319,"NOx"
"southern_power",2020-09-01,"Namjeju Steam",1,"bio_oil_and_diesel",1330.4,2831,2.12793144918821,"NOx"
"southern_power",2020-09-01,"Namjeju Steam",2,"bio_oil_and_diesel",1318.3,4044,3.0675870439202,"NOx"
"western_power",2020-10-01,"Seoincheon",8,"natural_gas",208,400,1.92307692307692,"NOx"
"southern_power",2021-01-01,"Shin-Incheon",6,"natural_gas",1329,1056,0.794582392776524,"NOx"
"southern_power",2021-06-01,"Busan",6,"natural_gas",2168,1323,0.610239852398524,"NOx"
"eastwest_power",2022-03-01,"Donghae",1,"coal",139.938,869.835,6.21585988080436,"NOx"
"southern_power",2022-04-01,"Hadong",7,"coal",37.1964,84,2.25828305965093,"NOx"
"southern_power",2022-07-01,"Namjeju Steam",2,"bio_oil_and_diesel",8109.4,9256,1.14139147162552,"NOx"
"southern_power",2022-11-01,"Shin-Incheon",1,"natural_gas",1263,598,0.47347585114806,"NOx"
"southern_power",2022-11-01,"Shin-Incheon",2,"natural_gas",643,488,0.758942457231726,"NOx"
"western_power",2023-01-01,"Taean",,"coal",58454,5947000,101.738118862695,"NOx"
"western_power",2023-06-01,"Pyeongtaek",3,"natural_gas",4445,1800,0.404949381327334,"NOx"
"western_power",2023-10-01,"Taean",9,"coal",21016,5000,0.237913970308336,"NOx"
"southern_power",2023-11-01,"Andong",,"natural_gas",7125.101565,4353,0.610938659651233,"NOx"
"southern_power",2023-12-01,"Namjeju Combined",,"natural_gas",8923.075435,17406,1.95067273910142,"NOx"
"western_power",2024-01-01,"Pyeongtaek",2,"natural_gas",3314,3000,0.905250452625226,"NOx"
"western_power",2024-01-01,"Pyeongtaek",3,"natural_gas",3180,1300,0.408805031446541,"NOx"
"southern_power",2024-04-01,"Hallim",,"natural_gas",7056.9,4989,0.706967648684266,"NOx"
"western_power",2024-05-01,"Pyeongtaek",4,"natural_gas",5729,3000,0.523651597137371,"NOx"
"southern_power",2024-11-01,"Hallim",,"natural_gas",1228.4,641,0.521816997720612,"NOx"
"western_power",2025-05-01,"Seoincheon",4,"natural_gas",276,400,1.44927536231884,"NOx"
"southern_power",2025-06-01,"Andong",,"natural_gas",47138.393358,9273,0.196718626567833,"NOx"
"western_power",2005-01-01,"Pyeongtaek",1,"oil_and_natural_gas",199847,5300,0.0265202880203356,"TSP"
"western_power",2005-01-01,"Pyeongtaek",2,"oil_and_natural_gas",222589,6200,0.0278540269285544,"TSP"
"western_power",2008-06-01,"Pyeongtaek",4,"oil_and_natural_gas",6749,200,0.0296340198547933,"TSP"
"western_power",2009-06-01,"Pyeongtaek",3,"oil_and_natural_gas",3594,100,0.0278241513633834,"TSP"
"southern_power",2012-12-01,"Hadong",2,"coal",382874.546,15898,0.0415227394092685,"TSP"
"western_power",2013-06-01,"Taean",8,"coal",378744,18700,0.0493737194516613,"TSP"
"southern_power",2013-11-01,"Hadong",5,"coal",137594.824,4589,0.0333515452587083,"TSP"
"western_power",2014-04-01,"Pyeongtaek",2,"oil_and_natural_gas",4443,100,0.0225073148773351,"TSP"
"eastwest_power",2014-06-01,"Honam",2,"coal",23.961,33.2434,1.38739618546805,"TSP"
"western_power",2014-08-01,"Taean",3,"coal",329153,30100,0.0914468347546582,"TSP"
"eastwest_power",2014-11-01,"Dangjin",1,"coal",5.406,0.946,0.174990751017388,"TSP"
"southern_power",2015-10-01,"Hadong",7,"coal",78364.001,2249,0.028699402420762,"TSP"
"western_power",2015-12-01,"Taean",3,"coal",227981,19000,0.0833402783565297,"TSP"
"eastwest_power",2016-05-01,"Dangjin",1,"coal",10863.457,344.186,0.0316829164049713,"TSP"
"eastwest_power",2016-10-01,"Dangjin",7,"coal",1.241,23.4663,18.9091861402095,"TSP"
"eastwest_power",2016-11-01,"Dangjin",7,"coal",169.25,123.8462,0.731735302806499,"TSP"
"eastwest_power",2017-01-01,"Dangjin",4,"coal",174.604,7.165,0.0410357151038922,"TSP"
"eastwest_power",2018-02-01,"Donghae",2,"coal",22415.852,883.526,0.0394152316851485,"TSP"
"western_power",2018-05-01,"Pyeongtaek",1,"oil_and_natural_gas",1551,100,0.064474532559639,"TSP"
"western_power",2018-05-01,"Pyeongtaek",4,"oil_and_natural_gas",1580,100,0.0632911392405063,"TSP"
"western_power",2018-05-01,"Taean",5,"coal",999,100,0.1001001001001,"TSP"
"eastwest_power",2018-07-01,"Honam",1,"coal",21.256,56.1,2.63925479864509,"TSP"
"eastwest_power",2018-09-01,"Dangjin",10,"coal",28.572,6.245,0.218570628587428,"TSP"
"western_power",2018-09-01,"Taean",4,"coal",1418,100,0.0705218617771509,"TSP"
"southern_power",2018-10-01,"Samcheok",1,"coal",1988.15943,228,0.114678931960703,"TSP"
"western_power",2018-11-01,"Taean",10,"coal",4,100,25,"TSP"
"western_power",2018-12-01,"Pyeongtaek",2,"oil_and_natural_gas",2500,100,0.04,"TSP"
"western_power",2018-12-01,"Pyeongtaek",3,"oil_and_natural_gas",2479,100,0.0403388463089956,"TSP"
"western_power",2019-01-01,"Pyeongtaek",2,"oil_and_natural_gas",1770,100,0.0564971751412429,"TSP"
"southern_power",2019-06-01,"Hadong",8,"coal",3107.4204,116,0.0373299988633659,"TSP"
"southern_power",2019-06-01,"Namjeju Steam",1,"bio_oil_and_diesel",4626.7,576,0.124494780296972,"TSP"
"eastwest_power",2019-07-01,"Ulsan",6,"oil",1590.666,73.57,0.0462510671630625,"TSP"
"western_power",2019-10-01,"Pyeongtaek",1,"oil_and_natural_gas",12008,300,0.024983344437042,"TSP"
"southern_power",2019-11-01,"Hadong",2,"coal",12021.185726,500,0.0415932347604094,"TSP"
"eastwest_power",2020-04-01,"Dangjin",9,"coal",16833.989,299.556,0.0177947128277202,"TSP"
"western_power",2020-05-01,"Taean",9,"coal",690,300,0.434782608695652,"TSP"
"southern_power",2020-09-01,"Hadong",1,"coal",9220.82378,2456,0.266353642429115,"TSP"
"southern_power",2020-09-01,"Hadong",2,"coal",476,5026,10.5588235294118,"TSP"
"southern_power",2020-09-01,"Namjeju Steam",1,"bio_oil_and_diesel",1330.4,478,0.359290438965725,"TSP"
"southern_power",2020-09-01,"Namjeju Steam",2,"bio_oil_and_diesel",1318.3,550,0.417203974816051,"TSP"
"eastwest_power",2021-02-01,"Dangjin",3,"coal",3262.525,408.095,0.125085631527728,"TSP"
"eastwest_power",2021-02-01,"Honam",2,"coal",1069.981,515.968,0.482221646926441,"TSP"
"eastwest_power",2021-04-01,"Dangjin",5,"coal",5285.905,204.252,0.0386408760656879,"TSP"
"eastwest_power",2021-07-01,"Dangjin",3,"coal",172771.417,8215.834,0.0475532014650317,"TSP"
"southern_power",2021-09-01,"Hadong",1,"coal",138329.620528,6492,0.0469313800993615,"TSP"
"southern_power",2021-10-01,"Namjeju Steam",1,"bio_oil_and_diesel",14239.7,448,0.0314613369663687,"TSP"
"southern_power",2021-10-01,"Namjeju Steam",2,"bio_oil_and_diesel",39468.1,1239,0.0313924409839845,"TSP"
"eastwest_power",2022-03-01,"Donghae",1,"coal",139.938,36.054,0.25764267032543,"TSP"
"southern_power",2022-03-01,"Hadong",8,"coal",171333.1796,8834,0.0515603575479317,"TSP"
"southern_power",2022-04-01,"Hadong",7,"coal",37.1964,49,1.31733178479638,"TSP"
"southern_power",2022-07-01,"Namjeju Steam",2,"bio_oil_and_diesel",8109.4,1729,0.213209361974992,"TSP"
"southern_power",2022-10-01,"Namjeju Steam",1,"bio_oil_and_diesel",30984.4,942,0.0304023960444611,"TSP"
"eastwest_power",2022-11-01,"Dangjin",4,"coal",61.539,10.506,0.170721006191196,"TSP"
"southern_power",2023-01-01,"Hadong",1,"coal",168489.322087,28250,0.167666411438305,"TSP"
"western_power",2023-01-01,"Taean",,"coal",58454,484000,8.28001505457283,"TSP"
"southern_power",2023-03-01,"Hadong",7,"coal",124476.1182,7374,0.0592402792329364,"TSP"
"southern_power",2023-04-01,"Samcheok",2,"coal",197.9439,131,0.661803672656748,"TSP"
"southern_power",2023-09-01,"Hadong",2,"coal",31462.544837,3470,0.110289870637523,"TSP"
"eastwest_power",2024-01-01,"Dangjin",5,"coal",131392.949,8280,0.0630170801631068,"TSP"
"eastwest_power",2024-01-01,"Dangjin",6,"coal",298610.767,20030,0.0670772866003187,"TSP"
"eastwest_power",2024-01-01,"Dangjin",7,"coal",282507.226,16050,0.056812706093401,"TSP"
"eastwest_power",2024-01-01,"Dangjin",8,"coal",172165.762,11610,0.0674350106846447,"TSP"
"eastwest_power",2024-01-01,"Dangjin",9,"coal",580883.746,37660,0.0648322495840674,"TSP"
"eastwest_power",2024-01-01,"Dangjin",10,"coal",450654.865,26160,0.0580488574110922,"TSP"
"eastwest_power",2024-01-01,"Donghae",1,"coal",122652.874,41530,0.338597854625078,"TSP"
"eastwest_power",2024-01-01,"Donghae",2,"coal",135503.975,48950,0.361244015166345,"TSP"
"eastwest_power",2024-02-01,"Dangjin",4,"coal",221376.357,7580,0.0342403321778396,"TSP"
"eastwest_power",2024-02-01,"Dangjin",5,"coal",214378.587,16860,0.0786459143888284,"TSP"
"eastwest_power",2024-02-01,"Dangjin",6,"coal",235725.445,20610,0.0874322243829044,"TSP"
"eastwest_power",2024-02-01,"Dangjin",7,"coal",239287.785,18590,0.0776888799401106,"TSP"
"eastwest_power",2024-02-01,"Dangjin",8,"coal",196325.135,16850,0.0858270134387021,"TSP"
"eastwest_power",2024-02-01,"Dangjin",9,"coal",386433.089,27510,0.0711895559233542,"TSP"
"eastwest_power",2024-02-01,"Dangjin",10,"coal",470837.203,32860,0.0697905768504024,"TSP"
"eastwest_power",2024-02-01,"Donghae",1,"coal",16243.084,5570,0.34291517546791,"TSP"
"eastwest_power",2024-02-01,"Donghae",2,"coal",122168.693,46930,0.384140968095648,"TSP"
"eastwest_power",2024-03-01,"Dangjin",5,"coal",223278.468,13920,0.0623436739094788,"TSP"
"eastwest_power",2024-03-01,"Dangjin",6,"coal",292411.159,20720,0.0708591288747636,"TSP"
"eastwest_power",2024-03-01,"Dangjin",7,"coal",276445.765,16400,0.0593244754536211,"TSP"
"eastwest_power",2024-03-01,"Dangjin",8,"coal",234862.417,21210,0.0903081909439772,"TSP"
"eastwest_power",2024-03-01,"Dangjin",10,"coal",612784.633,48740,0.0795385480888846,"TSP"
"eastwest_power",2024-03-01,"Donghae",1,"coal",102658.648,33020,0.321648498624295,"TSP"
"eastwest_power",2024-03-01,"Donghae",2,"coal",14957.683,5540,0.370378219674799,"TSP"
"eastwest_power",2024-04-01,"Dangjin",4,"coal",167175.52,5360,0.0320621105291014,"TSP"
"eastwest_power",2024-04-01,"Dangjin",5,"coal",128567.714,9150,0.071168722810145,"TSP"
"eastwest_power",2024-04-01,"Dangjin",6,"coal",234340.325,17880,0.076299288225362,"TSP"
"eastwest_power",2024-04-01,"Dangjin",7,"coal",242651.773,16830,0.0693586524916923,"TSP"
"eastwest_power",2024-04-01,"Dangjin",8,"coal",225892.97,18890,0.0836236736362358,"TSP"
"eastwest_power",2024-04-01,"Dangjin",10,"coal",416808.778,30980,0.0743266496177295,"TSP"
"eastwest_power",2024-04-01,"Donghae",1,"coal",95902.888,33940,0.353899665670131,"TSP"
"eastwest_power",2024-04-01,"Donghae",2,"coal",26382.07,9920,0.37601295122028,"TSP"
"eastwest_power",2024-05-01,"Dangjin",1,"coal",218343.7,6960,0.031876349077166,"TSP"
"eastwest_power",2024-05-01,"Dangjin",6,"coal",34607.949,3390,0.0979543745860236,"TSP"
"eastwest_power",2024-05-01,"Dangjin",7,"coal",313915.242,24690,0.0786518037247774,"TSP"
"eastwest_power",2024-05-01,"Dangjin",8,"coal",166992.4,14540,0.0870698307228353,"TSP"
"eastwest_power",2024-05-01,"Dangjin",10,"coal",603527.388,53800,0.0891425991093548,"TSP"
"eastwest_power",2024-05-01,"Donghae",1,"coal",78276.301,27200,0.347487038254401,"TSP"
"eastwest_power",2024-05-01,"Donghae",2,"coal",105230.206,37870,0.359877657181437,"TSP"
"eastwest_power",2024-06-01,"Dangjin",1,"coal",248719.697,8160,0.0328080168093804,"TSP"
"eastwest_power",2024-06-01,"Dangjin",4,"coal",134672.239,4710,0.0349738003539096,"TSP"
"eastwest_power",2024-06-01,"Dangjin",5,"coal",48932.104,3260,0.066622927148197,"TSP"
"eastwest_power",2024-06-01,"Dangjin",6,"coal",219285.638,20900,0.0953094794105941,"TSP"
"eastwest_power",2024-06-01,"Dangjin",7,"coal",146175.547,12820,0.0877027674129381,"TSP"
"eastwest_power",2024-06-01,"Dangjin",8,"coal",156868.532,14370,0.0916053705404727,"TSP"
"eastwest_power",2024-06-01,"Dangjin",9,"coal",282118.11,25140,0.0891116135720603,"TSP"
"eastwest_power",2024-06-01,"Dangjin",10,"coal",649525.102,58440,0.0899734280015555,"TSP"
"eastwest_power",2024-06-01,"Donghae",1,"coal",74163.672,3440,0.0463838953389471,"TSP"
"eastwest_power",2024-06-01,"Donghae",2,"coal",120872.506,5950,0.0492254210399179,"TSP"
"eastwest_power",2024-07-01,"Dangjin",5,"coal",230066.029,12690,0.0551580781185214,"TSP"
"eastwest_power",2024-07-01,"Dangjin",6,"coal",279337.192,21650,0.077504895946688,"TSP"
"eastwest_power",2024-07-01,"Dangjin",7,"coal",279681.365,18700,0.0668618018222272,"TSP"
"eastwest_power",2024-07-01,"Dangjin",8,"coal",214085.8,18730,0.0874882874062642,"TSP"
"eastwest_power",2024-07-01,"Dangjin",9,"coal",586987.189,37040,0.0631018882424025,"TSP"
"eastwest_power",2024-07-01,"Dangjin",10,"coal",586997.803,37660,0.0641569692553006,"TSP"
"eastwest_power",2024-07-01,"Donghae",1,"coal",51752.953,17310,0.334473667618541,"TSP"
"eastwest_power",2024-07-01,"Donghae",2,"coal",126871.507,38110,0.300382654081661,"TSP"
"southern_power",2024-07-01,"Samcheok",1,"coal",52960.6886,3766,0.0711093473206842,"TSP"
"eastwest_power",2024-08-01,"Dangjin",1,"coal",312889.157,10230,0.0326952844837637,"TSP"
"eastwest_power",2024-08-01,"Dangjin",5,"coal",288337.93,16810,0.0582996486102262,"TSP"
"eastwest_power",2024-08-01,"Dangjin",6,"coal",153159.115,12420,0.0810921374153931,"TSP"
"eastwest_power",2024-08-01,"Dangjin",7,"coal",287883.999,18840,0.0654430258904386,"TSP"
"eastwest_power",2024-08-01,"Dangjin",8,"coal",278011.149,27610,0.0993125639000902,"TSP"
"eastwest_power",2024-08-01,"Dangjin",9,"coal",605851.969,46670,0.0770320183609076,"TSP"
"eastwest_power",2024-08-01,"Dangjin",10,"coal",607324.346,42260,0.0695839056647994,"TSP"
"eastwest_power",2024-08-01,"Donghae",1,"coal",112084.583,37560,0.335104070467925,"TSP"
"eastwest_power",2024-08-01,"Donghae",2,"coal",128631.356,45230,0.351624995697006,"TSP"
"eastwest_power",2024-09-01,"Dangjin",1,"coal",305112.112,9830,0.0322176656166308,"TSP"
"eastwest_power",2024-09-01,"Dangjin",5,"coal",282652.3,14400,0.0509459855801633,"TSP"
"eastwest_power",2024-09-01,"Dangjin",7,"coal",159450.239,8440,0.0529318742507498,"TSP"
"eastwest_power",2024-09-01,"Dangjin",8,"coal",305025.563,30540,0.10012275594095,"TSP"
"eastwest_power",2024-09-01,"Dangjin",9,"coal",539051.191,31950,0.0592708086605452,"TSP"
"eastwest_power",2024-09-01,"Dangjin",10,"coal",622315.338,33260,0.0534455732794425,"TSP"
"eastwest_power",2024-09-01,"Donghae",1,"coal",89691.058,30920,0.344738937074418,"TSP"
"eastwest_power",2024-09-01,"Donghae",2,"coal",107286.911,38610,0.359876145562621,"TSP"
"eastwest_power",2024-10-01,"Dangjin",5,"coal",337919.675,19300,0.0571141647789523,"TSP"
"eastwest_power",2024-10-01,"Dangjin",7,"coal",91770.605,7490,0.0816165481310709,"TSP"
"eastwest_power",2024-10-01,"Dangjin",8,"coal",231107.966,28190,0.121977621489689,"TSP"
"eastwest_power",2024-10-01,"Dangjin",9,"coal",439738.782,33070,0.0752037376589632,"TSP"
"eastwest_power",2024-10-01,"Dangjin",10,"coal",543328.762,38050,0.0700312640544511,"TSP"
"eastwest_power",2024-10-01,"Donghae",1,"coal",5808.956,2080,0.358067783608621,"TSP"
"eastwest_power",2024-10-01,"Donghae",2,"coal",20029.226,7050,0.35198564337933,"TSP"
"eastwest_power",2024-11-01,"Dangjin",1,"coal",284516.003,11620,0.0408412879327565,"TSP"
"eastwest_power",2024-11-01,"Dangjin",4,"coal",261396.982,9640,0.0368787731451314,"TSP"
"eastwest_power",2024-11-01,"Dangjin",5,"coal",252635.636,18020,0.0713280211980862,"TSP"
"eastwest_power",2024-11-01,"Dangjin",7,"coal",187135.622,16860,0.0900950862257534,"TSP"
"eastwest_power",2024-11-01,"Dangjin",8,"coal",291786.394,37760,0.129409735259966,"TSP"
"eastwest_power",2024-11-01,"Dangjin",9,"coal",366366.423,47840,0.130579651945888,"TSP"
"eastwest_power",2024-11-01,"Dangjin",10,"coal",559809.418,50540,0.0902807247876634,"TSP"
"eastwest_power",2024-11-01,"Donghae",1,"coal",13264.642,4440,0.334724450158549,"TSP"
"eastwest_power",2024-11-01,"Donghae",2,"coal",110137.813,39120,0.355191363750795,"TSP"
"eastwest_power",2024-12-01,"Dangjin",1,"coal",303168.634,11580,0.038196563566665,"TSP"
"eastwest_power",2024-12-01,"Dangjin",5,"coal",325075.817,21290,0.0654924140358309,"TSP"
"eastwest_power",2024-12-01,"Dangjin",7,"coal",276376.4,16850,0.0609675789973384,"TSP"
"eastwest_power",2024-12-01,"Dangjin",8,"coal",80170.248,8230,0.10265653662441,"TSP"
"eastwest_power",2024-12-01,"Dangjin",9,"coal",576985.86,49490,0.085773332469534,"TSP"
"eastwest_power",2024-12-01,"Dangjin",10,"coal",583135.488,41210,0.0706696828576483,"TSP"
"eastwest_power",2024-12-01,"Donghae",1,"coal",108133.022,33280,0.307769073539811,"TSP"
"eastwest_power",2024-12-01,"Donghae",2,"coal",102049.392,36180,0.354534204378209,"TSP"
"southern_power",2025-04-01,"Namjeju Steam",1,"bio_oil_and_diesel",26620.9,745,0.0279855301661476,"TSP"
"southern_power",2025-07-01,"Namjeju Steam",1,"bio_oil_and_diesel",1380,39,0.0282608695652174,"TSP"
