"energy_type_clean","date","energy_generated_mwh","energy_generated_mwh_ma6"
"coal",2002-01-01,1597807,1597807
"natural_gas",2002-01-01,687645,687645
"coal",2002-02-01,1437237,1517522
"natural_gas",2002-02-01,405132,546388.5
"coal",2002-03-01,1507802,1514282
"natural_gas",2002-03-01,514710,535829
"coal",2002-04-01,1822555,1591350.25
"natural_gas",2002-04-01,482999,522621.5
"coal",2002-05-01,1559033,1584886.8
"natural_gas",2002-05-01,560565,530210.2
"coal",2002-06-01,1987147,1651930.16666667
"natural_gas",2002-06-01,657424,551412.5
"coal",2002-07-01,2042183,1725992.83333333
"natural_gas",2002-07-01,800501,570221.833333333
"coal",2002-08-01,1914423,1805523.83333333
"natural_gas",2002-08-01,745032,626871.833333333
"coal",2002-09-01,1777645,1850497.66666667
"natural_gas",2002-09-01,656237,650459.666666667
"coal",2002-10-01,2128967,1901566.33333333
"natural_gas",2002-10-01,747246,694500.833333333
"coal",2002-11-01,2100670,1991839.16666667
"natural_gas",2002-11-01,675114,713592.333333333
"coal",2002-12-01,2183757,2024607.5
"natural_gas",2002-12-01,594307,703072.833333333
"coal",2003-01-01,1956415,2010312.83333333
"natural_gas",2003-01-01,597339,669212.5
"coal",2003-02-01,1792346,1989966.66666667
"natural_gas",2003-02-01,350587,603471.666666667
"coal",2003-03-01,1827808,1998327.16666667
"natural_gas",2003-03-01,533519,583018.666666667
"coal",2003-04-01,1950453,1968574.83333333
"natural_gas",2003-04-01,608666,559922
"coal",2003-05-01,1842854,1925605.5
"natural_gas",2003-05-01,709261,565613.166666667
"coal",2003-06-01,2058561,1904739.5
"natural_gas",2003-06-01,672753,578687.5
"coal",2003-07-01,2096948,1928161.66666667
"natural_gas",2003-07-01,698875,595610.166666667
"coal",2003-08-01,2078201,1975804.16666667
"natural_gas",2003-08-01,684771,651307.5
"coal",2003-09-01,1708209,1955871
"natural_gas",2003-09-01,491281,644267.833333333
"coal",2003-10-01,1929510,1952380.5
"natural_gas",2003-10-01,573714,638442.5
"coal",2003-11-01,2058368,1988299.5
"natural_gas",2003-11-01,573409,615800.5
"coal",2003-12-01,2071946,1990530.33333333
"natural_gas",2003-12-01,655140,612865
"coal",2004-01-01,2115066,1993550
"natural_gas",2004-01-01,766734,624174.833333333
"coal",2004-02-01,2080479,1993929.66666667
"natural_gas",2004-02-01,736627,632817.5
"coal",2004-03-01,1906662,2027005.16666667
"natural_gas",2004-03-01,707736,668893.333333333
"coal",2004-04-01,1905845,2023061
"natural_gas",2004-04-01,677047,686115.5
"coal",2004-05-01,1910275,1998378.83333333
"natural_gas",2004-05-01,741912,714199.333333333
"coal",2004-06-01,2080134,1999743.5
"natural_gas",2004-06-01,807725,739630.166666667
"coal",2004-07-01,2066411,1991634.33333333
"natural_gas",2004-07-01,772942,740664.833333333
"coal",2004-08-01,2156859,2004364.33333333
"natural_gas",2004-08-01,744085,741907.833333333
"coal",2004-09-01,1971317,2015140.16666667
"natural_gas",2004-09-01,562344,717675.833333333
"coal",2004-10-01,2198270,2063877.66666667
"natural_gas",2004-10-01,720460,724911.333333333
"coal",2004-11-01,2148528,2103586.5
"natural_gas",2004-11-01,494711,683711.166666667
"coal",2004-12-01,2225917,2127883.66666667
"natural_gas",2004-12-01,774575,678186.166666667
"coal",2005-01-01,1905519,2101068.33333333
"natural_gas",2005-01-01,810693,684478
"oil_and_natural_gas",2005-01-01,900595,900595
"coal",2005-02-01,1653177,2017121.33333333
"natural_gas",2005-02-01,452840,635937.166666667
"oil_and_natural_gas",2005-02-01,763260,831927.5
"coal",2005-03-01,1903643,2005842.33333333
"natural_gas",2005-03-01,768660,670323.166666667
"oil_and_natural_gas",2005-03-01,949981,871278.666666667
"coal",2005-04-01,1818696,1942580
"natural_gas",2005-04-01,348109,608264.666666667
"oil_and_natural_gas",2005-04-01,767757,845398.25
"coal",2005-05-01,2155471,1943737.16666667
"natural_gas",2005-05-01,387384,590376.833333333
"oil_and_natural_gas",2005-05-01,500886,776495.8
"coal",2005-06-01,2093471,1921662.83333333
"natural_gas",2005-06-01,667335,572503.5
"oil_and_natural_gas",2005-06-01,132487,669161
"coal",2005-07-01,2186530,1968498
"natural_gas",2005-07-01,745817,561690.833333333
"oil_and_natural_gas",2005-07-01,175300,548278.5
"coal",2005-08-01,2149989,2051300
"natural_gas",2005-08-01,745797,610517
"oil_and_natural_gas",2005-08-01,110614,439504.166666667
"coal",2005-09-01,2014058,2069702.5
"natural_gas",2005-09-01,669278,593953.333333333
"oil_and_natural_gas",2005-09-01,151597,306440.166666667
"coal",2005-10-01,2129095,2121435.66666667
"natural_gas",2005-10-01,531492,624517.166666667
"oil_and_natural_gas",2005-10-01,173328,207368.666666667
"coal",2005-11-01,1812424,2064261.16666667
"natural_gas",2005-11-01,653220,668823.166666667
"oil_and_natural_gas",2005-11-01,328795,178686.833333333
"coal",2005-12-01,2078361,2061742.83333333
"natural_gas",2005-12-01,1040251,730975.833333333
"oil_and_natural_gas",2005-12-01,543355,247164.833333333
"coal",2006-01-01,2134482,2053068.16666667
"natural_gas",2006-01-01,559655,699948.833333333
"oil_and_natural_gas",2006-01-01,812268,353326.166666667
"coal",2006-02-01,1869722,2006357
"natural_gas",2006-02-01,749607,700583.833333333
"oil_and_natural_gas",2006-02-01,408155,402916.333333333
"coal",2006-03-01,1847413,1978582.83333333
"natural_gas",2006-03-01,1084135,769726.666666667
"oil_and_natural_gas",2006-03-01,509331,462538.666666667
"coal",2006-04-01,1868895,1935216.16666667
"natural_gas",2006-04-01,1038146,854169
"oil_and_natural_gas",2006-04-01,274349,479375.5
"coal",2006-05-01,1754930,1925633.83333333
"natural_gas",2006-05-01,781694,875581.333333333
"oil_and_natural_gas",2006-05-01,90889,439724.5
"coal",2006-06-01,1963475,1906486.16666667
"natural_gas",2006-06-01,833249,841081
"oil_and_natural_gas",2006-06-01,166573,376927.5
"coal",2006-07-01,2150640,1909179.16666667
"natural_gas",2006-07-01,631997,853138
"oil_and_natural_gas",2006-07-01,136359,264276
"coal",2006-08-01,2199614,1964161.16666667
"natural_gas",2006-08-01,790738,859993.166666667
"oil_and_natural_gas",2006-08-01,332585,251681
"coal",2006-09-01,2051380,1998155.66666667
"natural_gas",2006-09-01,716332,798692.666666667
"oil_and_natural_gas",2006-09-01,199363,200019.666666667
"coal",2006-10-01,1907358,2004566.16666667
"natural_gas",2006-10-01,542123,716022.166666667
"oil_and_natural_gas",2006-10-01,128286,175675.833333333
"coal",2006-11-01,1700350,1995469.5
"natural_gas",2006-11-01,662121,696093.333333333
"oil_and_natural_gas",2006-11-01,865920,304847.666666667
"coal",2006-12-01,2401737,2068513.16666667
"natural_gas",2006-12-01,944214,714587.5
"oil_and_natural_gas",2006-12-01,942364,434146.166666667
"coal",2007-01-01,2373634,2105678.83333333
"natural_gas",2007-01-01,1051255,784463.833333333
"oil_and_natural_gas",2007-01-01,701266,528297.333333333
"coal",2007-02-01,1879267,2052287.66666667
"natural_gas",2007-02-01,981038,816180.5
"oil_and_natural_gas",2007-02-01,645803,580500.333333333
"coal",2007-03-01,2191248,2075599
"natural_gas",2007-03-01,1214751,899250.333333333
"oil_and_natural_gas",2007-03-01,789267,678817.666666667
"coal",2007-04-01,2240880,2131186
"natural_gas",2007-04-01,975927,971551
"oil_and_natural_gas",2007-04-01,527961,745430.166666667
"coal",2007-05-01,2548523,2272548.16666667
"natural_gas",2007-05-01,945464,1018774.83333333
"oil_and_natural_gas",2007-05-01,870944,746267.5
"coal",2007-06-01,2580116,2302278
"natural_gas",2007-06-01,959087,1021253.66666667
"oil_and_natural_gas",2007-06-01,397967,655534.666666667
"coal",2007-07-01,2893108,2388857
"natural_gas",2007-07-01,938508,1002462.5
"oil_and_natural_gas",2007-07-01,239819,578626.833333333
"coal",2007-08-01,2926710,2563430.83333333
"natural_gas",2007-08-01,964178,999652.5
"oil_and_natural_gas",2007-08-01,330233,526031.833333333
"coal",2007-09-01,2673044,2643730.16666667
"natural_gas",2007-09-01,726205,918228.166666667
"oil_and_natural_gas",2007-09-01,189007,425988.5
"coal",2007-10-01,2572819,2699053.33333333
"natural_gas",2007-10-01,976213,918275.833333333
"oil_and_natural_gas",2007-10-01,256360,380721.666666667
"coal",2007-11-01,2831596,2746232.16666667
"natural_gas",2007-11-01,1001631,927637
"oil_and_natural_gas",2007-11-01,245844,276538.333333333
"coal",2007-12-01,3039139,2822736
"natural_gas",2007-12-01,1200322,967842.833333333
"oil_and_natural_gas",2007-12-01,319585,263474.666666667
"coal",2008-01-01,2977918,2836871
"natural_gas",2008-01-01,1459214,1054627.16666667
"oil_and_natural_gas",2008-01-01,439102,296688.5
"coal",2008-02-01,2557468,2775330.66666667
"natural_gas",2008-02-01,1083643,1074538
"oil_and_natural_gas",2008-02-01,379351,304874.833333333
"coal",2008-03-01,2665043,2773997.16666667
"natural_gas",2008-03-01,1126582,1141267.5
"oil_and_natural_gas",2008-03-01,199047,306548.166666667
"coal",2008-04-01,2565437,2772766.83333333
"natural_gas",2008-04-01,843318,1119118.33333333
"oil_and_natural_gas",2008-04-01,72390,275886.5
"coal",2008-05-01,2653026,2743005.16666667
"natural_gas",2008-05-01,824627,1089617.66666667
"oil_and_natural_gas",2008-05-01,49678,243192.166666667
"coal",2008-06-01,2863845,2713789.5
"natural_gas",2008-06-01,670102,1001247.66666667
"oil_and_natural_gas",2008-06-01,65831,200899.833333333
"coal",2008-07-01,2955328,2710024.5
"natural_gas",2008-07-01,939197,914578.166666667
"oil_and_natural_gas",2008-07-01,320331,181104.666666667
"coal",2008-08-01,2963656,2777722.5
"natural_gas",2008-08-01,642115,840990.166666667
"oil_and_natural_gas",2008-08-01,42880,125026.166666667
"coal",2008-09-01,2579673,2763494.16666667
"natural_gas",2008-09-01,824905,790710.666666667
"oil_and_natural_gas",2008-09-01,64641,102625.166666667
"coal",2008-10-01,2620621,2772691.5
"natural_gas",2008-10-01,1041144,823681.666666667
"oil_and_natural_gas",2008-10-01,90271,105605.333333333
"coal",2008-11-01,2623665,2767798
"natural_gas",2008-11-01,994928,852065.166666667
"oil_and_natural_gas",2008-11-01,48510,105410.666666667
"coal",2008-12-01,2808384,2758554.5
"natural_gas",2008-12-01,886411,888116.666666667
"oil_and_natural_gas",2008-12-01,162576,121534.833333333
"coal",2009-01-01,3011422,2767903.5
"natural_gas",2009-01-01,661518,841836.833333333
"oil_and_natural_gas",2009-01-01,536368,157541
"coal",2009-02-01,2531510,2695879.16666667
"natural_gas",2009-02-01,508997,819650.5
"oil_and_natural_gas",2009-02-01,591106,248912
"coal",2009-03-01,2738554,2722359.33333333
"natural_gas",2009-03-01,664551,792924.833333333
"oil_and_natural_gas",2009-03-01,472467,316883
"coal",2009-04-01,2430528,2690677.16666667
"natural_gas",2009-04-01,503977,703397
"oil_and_natural_gas",2009-04-01,609351,403396.333333333
"coal",2009-05-01,2441095,2660248.83333333
"natural_gas",2009-05-01,236961,577069.166666667
"oil_and_natural_gas",2009-05-01,279249,441852.833333333
"coal",2009-06-01,2721464,2645762.16666667
"natural_gas",2009-06-01,714705,548451.5
"oil_and_natural_gas",2009-06-01,26586,419187.833333333
"coal",2009-07-01,2943018,2634361.5
"natural_gas",2009-07-01,623428,542103.166666667
"oil_and_natural_gas",2009-07-01,32115,335145.666666667
"coal",2009-08-01,2938397,2702176
"natural_gas",2009-08-01,646391,565002.166666667
"oil_and_natural_gas",2009-08-01,132280,258674.666666667
"coal",2009-09-01,2932563,2734510.83333333
"natural_gas",2009-09-01,763975,581572.833333333
"oil_and_natural_gas",2009-09-01,42624,187034.166666667
"coal",2009-10-01,2764861,2790233
"natural_gas",2009-10-01,594711,596695.166666667
"oil_and_natural_gas",2009-10-01,19199,88675.5
"coal",2009-11-01,2959010,2876552.16666667
"natural_gas",2009-11-01,937036,713374.333333333
"oil_and_natural_gas",2009-11-01,382463,105877.833333333
"coal",2009-12-01,2670587,2868072.66666667
"natural_gas",2009-12-01,1221458,797833.166666667
"oil_and_natural_gas",2009-12-01,520415,188182.666666667
"bio_oil_and_diesel",2010-01-01,112324.9,112324.9
"coal",2010-01-01,9600710.079,3977688.01316667
"natural_gas",2010-01-01,3587556.683,1291854.61383333
"oil",2010-01-01,548127.138,548127.138
"oil_and_natural_gas",2010-01-01,556787,275628
"bio_oil_and_diesel",2010-02-01,106096.5,109210.7
"coal",2010-02-01,8457497.886,4897538.16083333
"natural_gas",2010-02-01,3028033.355,1688795.00633333
"oil",2010-02-01,417311.354,482719.246
"oil_and_natural_gas",2010-02-01,316897,306397.5
"bio_oil_and_diesel",2010-03-01,111928,110116.466666667
"coal",2010-03-01,9100644.241,5925551.701
"natural_gas",2010-03-01,3624921.556,2165619.43233333
"oil",2010-03-01,388382.346,451273.612666667
"oil_and_natural_gas",2010-03-01,402506,366377.833333333
"bio_oil_and_diesel",2010-04-01,97263.7,106903.275
"coal",2010-04-01,7825152.29,6768933.58266667
"natural_gas",2010-04-01,3295635.062,2615773.44266667
"oil",2010-04-01,245477.327,399824.54125
"oil_and_natural_gas",2010-04-01,199693,396460.166666667
"bio_oil_and_diesel",2010-05-01,110292.1,107581.04
"coal",2010-05-01,7900901.967,7592582.24383333
"natural_gas",2010-05-01,2547253.505,2884143.02683333
"oil",2010-05-01,200965.168,360052.6666
"oil_and_natural_gas",2010-05-01,189862,364360
"bio_oil_and_diesel",2010-06-01,113800.7,108617.65
"coal",2010-06-01,8481304.927,8561035.23166667
"natural_gas",2010-06-01,2574466.607,3109644.46133333
"oil",2010-06-01,264312.136,344095.9115
"oil_and_natural_gas",2010-06-01,155532,303546.166666667
"bio_oil_and_diesel",2010-07-01,109452.5,108138.916666667
"coal",2010-07-01,9535802.557,8550217.31133333
"natural_gas",2010-07-01,2865975.728,2989380.96883333
"oil",2010-07-01,340937.092,309564.237166667
"oil_and_natural_gas",2010-07-01,189444,242322.333333333
"bio_oil_and_diesel",2010-08-01,119718,110409.166666667
"coal",2010-08-01,9743592.528,8764566.41833333
"natural_gas",2010-08-01,2881061.608,2964885.67766667
"oil",2010-08-01,336358.798,296072.1445
"oil_and_natural_gas",2010-08-01,233223,228376.666666667
"bio_oil_and_diesel",2010-09-01,98102,108104.833333333
"coal",2010-09-01,9150803.81,8772926.3465
"natural_gas",2010-09-01,2645523.041,2801652.59183333
"oil",2010-09-01,218616.339,267777.81
"oil_and_natural_gas",2010-09-01,186502,192376
"bio_oil_and_diesel",2010-10-01,67453.9,103136.533333333
"coal",2010-10-01,9079936.913,8982057.117
"natural_gas",2010-10-01,2657271.962,2695258.74183333
"oil",2010-10-01,118962.363,246691.982666667
"oil_and_natural_gas",2010-10-01,86847,173568.333333333
"bio_oil_and_diesel",2010-11-01,115135.9,103943.833333333
"coal",2010-11-01,8693029.666,9114078.40016667
"natural_gas",2010-11-01,3661696.382,2880999.22133333
"oil",2010-11-01,12475.252,215276.996666667
"oil_and_natural_gas",2010-11-01,159271,168469.833333333
"bio_oil_and_diesel",2010-12-01,113177.5,103839.966666667
"coal",2010-12-01,9084906.48,9214678.659
"natural_gas",2010-12-01,4740052.407,3241930.188
"oil",2010-12-01,442661.844,245001.948
"oil_and_natural_gas",2010-12-01,469585,220812
"bio_oil_and_diesel",2011-01-01,119814.5,105566.966666667
"coal",2011-01-01,9661630.548,9235649.99083333
"natural_gas",2011-01-01,5297326.586,3647155.331
"oil",2011-01-01,821544.252,325103.141333333
"oil_and_natural_gas",2011-01-01,606971,290399.833333333
"bio_oil_and_diesel",2011-02-01,97014.6,101783.066666667
"coal",2011-02-01,8270466.699,8990129.01933333
"natural_gas",2011-02-01,3571529.912,3762233.38166667
"oil",2011-02-01,360292.407,329092.076166667
"oil_and_natural_gas",2011-02-01,210557,286622.166666667
"bio_oil_and_diesel",2011-03-01,117877.6,105079
"coal",2011-03-01,8826774.621,8936124.1545
"natural_gas",2011-03-01,4388161.22,4052673.07816667
"oil",2011-03-01,542130.697,383011.135833333
"oil_and_natural_gas",2011-03-01,273978,301201.5
"bio_oil_and_diesel",2011-04-01,104419.1,111239.866666667
"coal",2011-04-01,7962411.121,8749869.85583333
"natural_gas",2011-04-01,3737255.537,4232670.34066667
"oil",2011-04-01,57202.948,372717.9
"oil_and_natural_gas",2011-04-01,258353,329785.833333333
"bio_oil_and_diesel",2011-05-01,106204.9,109751.366666667
"coal",2011-05-01,7932640.042,8623138.25183333
"natural_gas",2011-05-01,2723416.597,4076290.3765
"oil",2011-05-01,0,370638.691333333
"oil_and_natural_gas",2011-05-01,64999,314073.833333333
"bio_oil_and_diesel",2011-06-01,109019.9,109058.433333333
"coal",2011-06-01,8276996.31,8488486.55683333
"natural_gas",2011-06-01,3108996.282,3804447.689
"oil",2011-06-01,300922.093,347015.3995
"oil_and_natural_gas",2011-06-01,257417,278712.5
"bio_oil_and_diesel",2011-07-01,112658.3,107865.733333333
"coal",2011-07-01,9607051.394,8479390.03116667
"natural_gas",2011-07-01,2823736.368,3392182.65266667
"oil",2011-07-01,102508.34,227176.080833333
"oil_and_natural_gas",2011-07-01,65888,188532
"bio_oil_and_diesel",2011-08-01,116750.6,111155.066666667
"coal",2011-08-01,9557836.752,8693951.70666667
"natural_gas",2011-08-01,2746197.243,3254627.20783333
"oil",2011-08-01,46040.284,174800.727
"oil_and_natural_gas",2011-08-01,87788,168070.5
"bio_oil_and_diesel",2011-09-01,105784.9,109139.616666667
"coal",2011-09-01,8819140.194,8692679.30216667
"natural_gas",2011-09-01,3043799.309,3030566.88933333
"oil",2011-09-01,273110.171,129963.972666667
"oil_and_natural_gas",2011-09-01,195527,154995.333333333
"bio_oil_and_diesel",2011-10-01,67976.1,103065.783333333
"coal",2011-10-01,9609025.425,8967115.0195
"natural_gas",2011-10-01,2420007.203,2811025.50033333
"oil",2011-10-01,86332.907,134818.965833333
"oil_and_natural_gas",2011-10-01,84842,126076.833333333
"bio_oil_and_diesel",2011-11-01,107309.5,103249.883333333
"coal",2011-11-01,9031969.142,9150336.53616667
"natural_gas",2011-11-01,3191917.992,2889109.06616667
"oil",2011-11-01,103238.337,152025.355333333
"oil_and_natural_gas",2011-11-01,187186,146441.333333333
"bio_oil_and_diesel",2011-12-01,115584.6,104344
"coal",2011-12-01,9678002.772,9383837.61316667
"natural_gas",2011-12-01,4444938.947,3111766.177
"oil",2011-12-01,325193.508,156070.591166667
"oil_and_natural_gas",2011-12-01,315707,156156.333333333
"bio_oil_and_diesel",2012-01-01,124290.4,106282.683333333
"coal",2012-01-01,9606218.774,9383698.84316667
"natural_gas",2012-01-01,4107000.968,3325643.61033333
"oil",2012-01-01,371447.121,200893.721333333
"oil_and_natural_gas",2012-01-01,314612,197610.333333333
"bio_oil_and_diesel",2012-02-01,109871.2,105136.116666667
"coal",2012-02-01,9079032.453,9303898.12666667
"natural_gas",2012-02-01,4392169.995,3599972.40233333
"oil",2012-02-01,465464.396,270797.74
"oil_and_natural_gas",2012-02-01,315088,235493.666666667
"bio_oil_and_diesel",2012-03-01,114751.5,106630.55
"coal",2012-03-01,9283275.27,9381253.97266667
"natural_gas",2012-03-01,4174539.376,3788429.08016667
"oil",2012-03-01,526119.54,312965.968166667
"oil_and_natural_gas",2012-03-01,317643,255846.333333333
"bio_oil_and_diesel",2012-04-01,103279.5,112514.45
"coal",2012-04-01,7559439.272,9039656.2805
"natural_gas",2012-04-01,3863605.034,4029028.71866667
"oil",2012-04-01,558424.725,391647.937833333
"oil_and_natural_gas",2012-04-01,425772,312668
"bio_oil_and_diesel",2012-05-01,114456.1,113705.55
"coal",2012-05-01,8093215.806,8883197.39116667
"natural_gas",2012-05-01,3533317.863,4085928.69716667
"oil",2012-05-01,570036.769,469447.6765
"oil_and_natural_gas",2012-05-01,401554,348396
"bio_oil_and_diesel",2012-06-01,102371.6,111503.383333333
"coal",2012-06-01,8634073.352,8709209.1545
"natural_gas",2012-06-01,3246557.734,3886198.495
"oil",2012-06-01,634889.038,521063.598166667
"oil_and_natural_gas",2012-06-01,247308,336996.166666667
"bio_oil_and_diesel",2012-07-01,118762.5,110582.066666667
"coal",2012-07-01,9359355.259,8668065.23533333
"natural_gas",2012-07-01,3465653.289,3779307.21516667
"oil",2012-07-01,681315.959,572708.4045
"oil_and_natural_gas",2012-07-01,356358,343953.833333333
"bio_oil_and_diesel",2012-08-01,117896.7,111919.65
"coal",2012-08-01,9602901.668,8755376.77116667
"natural_gas",2012-08-01,3158147.888,3573636.864
"oil",2012-08-01,659252.6,605006.4385
"oil_and_natural_gas",2012-08-01,231672,330051.166666667
"bio_oil_and_diesel",2012-09-01,96070.6,108806.166666667
"coal",2012-09-01,8596426.137,8640901.91566667
"natural_gas",2012-09-01,2546676.787,3302326.4325
"oil",2012-09-01,211027.146,552491.0395
"oil_and_natural_gas",2012-09-01,69457,288686.833333333
"bio_oil_and_diesel",2012-10-01,74755.4,104052.15
"coal",2012-10-01,8299161.71,8764188.98866667
"natural_gas",2012-10-01,2820708.446,3128510.3345
"oil",2012-10-01,397856.265,525729.6295
"oil_and_natural_gas",2012-10-01,246625,258829
"bio_oil_and_diesel",2012-11-01,119564.9,104903.616666667
"coal",2012-11-01,8801796.362,8882285.748
"natural_gas",2012-11-01,4165598.727,3233890.4785
"oil",2012-11-01,634001.414,536390.403666667
"oil_and_natural_gas",2012-11-01,315079,244416.5
"bio_oil_and_diesel",2012-12-01,114402.2,106908.716666667
"coal",2012-12-01,9678050.202,9056281.88966667
"natural_gas",2012-12-01,4975764.31,3522091.5745
"oil",2012-12-01,658334.868,540298.042
"oil_and_natural_gas",2012-12-01,363421,263768.666666667
"bio_oil_and_diesel",2013-01-01,114621.7,106218.583333333
"coal",2013-01-01,9674152.326,9108748.0675
"natural_gas",2013-01-01,4643486.093,3718397.04183333
"oil",2013-01-01,619352.016,529970.718166667
"oil_and_natural_gas",2013-01-01,263015,248211.5
"bio_oil_and_diesel",2013-02-01,97498.1,102818.816666667
"coal",2013-02-01,8570823.133,8936734.97833333
"natural_gas",2013-02-01,3897331.394,3841594.29283333
"oil",2013-02-01,489384.528,501659.372833333
"oil_and_natural_gas",2013-02-01,249324,251153.5
"bio_oil_and_diesel",2013-03-01,111255.1,105349.566666667
"coal",2013-03-01,9568213.719,9098699.57533333
"natural_gas",2013-03-01,3797195.286,4050014.04266667
"oil",2013-03-01,497828.467,549459.593
"oil_and_natural_gas",2013-03-01,193741,271867.5
"bio_oil_and_diesel",2013-04-01,112048.1,111565.016666667
"coal",2013-04-01,7889353.61,9030398.22533333
"natural_gas",2013-04-01,3631239.856,4185102.611
"oil",2013-04-01,663971.441,593812.122333333
"oil_and_natural_gas",2013-04-01,422179,301126.5
"bio_oil_and_diesel",2013-05-01,113985.6,110635.133333333
"coal",2013-05-01,8246282.949,8937812.6565
"natural_gas",2013-05-01,3690869.264,4105981.03383333
"oil",2013-05-01,396781.072,554275.398666667
"oil_and_natural_gas",2013-05-01,317668,301558
"bio_oil_and_diesel",2013-06-01,106508.8,109319.566666667
"coal",2013-06-01,9128146.414,8846162.02516667
"natural_gas",2013-06-01,3788476.801,3908099.78233333
"oil",2013-06-01,622673.312,548331.806
"oil_and_natural_gas",2013-06-01,312081,293001.333333333
"bio_oil_and_diesel",2013-07-01,119836.5,110188.7
"coal",2013-07-01,9662293.187,8844185.502
"natural_gas",2013-07-01,4100097.369,3817534.995
"oil",2013-07-01,714672.419,564218.539833333
"oil_and_natural_gas",2013-07-01,408852,317307.5
"bio_oil_and_diesel",2013-08-01,123130.6,114460.783333333
"coal",2013-08-01,9424518.099,8986467.99633333
"natural_gas",2013-08-01,3929543.331,3822903.65116667
"oil",2013-08-01,710850.623,601129.555666667
"oil_and_natural_gas",2013-08-01,412802,344553.833333333
"bio_oil_and_diesel",2013-09-01,88536.8,110674.4
"coal",2013-09-01,8505864.678,8809409.82283333
"natural_gas",2013-09-01,3031687.466,3695319.0145
"oil",2013-09-01,312589.299,570256.361
"oil_and_natural_gas",2013-09-01,165934,339919.333333333
"bio_oil_and_diesel",2013-10-01,91178,107196.05
"coal",2013-10-01,8219376.047,8864413.56233333
"natural_gas",2013-10-01,3793702.526,3722396.12616667
"oil",2013-10-01,671713.788,571546.752166667
"oil_and_natural_gas",2013-10-01,307961,320883
"bio_oil_and_diesel",2013-11-01,115408.3,107433.166666667
"coal",2013-11-01,8352379.538,8882096.32716667
"natural_gas",2013-11-01,4594836.318,3873057.30183333
"oil",2013-11-01,610821.028,607220.078166667
"oil_and_natural_gas",2013-11-01,312867,320082.833333333
"bio_oil_and_diesel",2013-12-01,118073.9,109360.683333333
"coal",2013-12-01,9577517.84,8956991.56483333
"natural_gas",2013-12-01,4936271.95,4064356.49333333
"oil",2013-12-01,525170.204,590969.560166667
"oil_and_natural_gas",2013-12-01,310633,319841.5
"bio_oil_and_diesel",2014-01-01,125121.9,110241.583333333
"coal",2014-01-01,9427194.2,8917808.40033333
"natural_gas",2014-01-01,4170642.703,4076114.049
"oil",2014-01-01,272261.203,517234.3575
"oil_and_natural_gas",2014-01-01,238491,291448
"bio_oil_and_diesel",2014-02-01,112852.7,108528.6
"coal",2014-02-01,8121870.897,8700700.53333333
"natural_gas",2014-02-01,3606974.217,4022352.53
"oil",2014-02-01,354652.026,457867.924666667
"oil_and_natural_gas",2014-02-01,265716,266933.666666667
"bio_oil_and_diesel",2014-03-01,114371.9,112834.45
"coal",2014-03-01,8661726.497,8726677.50316667
"natural_gas",2014-03-01,3883209.384,4164272.84966667
"oil",2014-03-01,485527.294,486690.923833333
"oil_and_natural_gas",2014-03-01,338582,295708.333333333
"bio_oil_and_diesel",2014-04-01,118128.7,117326.233333333
"coal",2014-04-01,7692476.954,8638860.98766667
"natural_gas",2014-04-01,3055200.748,4041189.22
"oil",2014-04-01,157427.066,400976.470166667
"oil_and_natural_gas",2014-04-01,187064,275558.833333333
"bio_oil_and_diesel",2014-05-01,114091.8,117106.816666667
"coal",2014-05-01,8131978.621,8602127.5015
"natural_gas",2014-05-01,2829813.352,3747018.72566667
"oil",2014-05-01,209408.48,334074.378833333
"oil_and_natural_gas",2014-05-01,191078,255260.666666667
"bio_oil_and_diesel",2014-06-01,107880.7,115407.95
"coal",2014-06-01,8558595.264,8432307.07216667
"natural_gas",2014-06-01,2608188.717,3359004.8535
"oil",2014-06-01,291729.959,295167.671333333
"oil_and_natural_gas",2014-06-01,136268,226199.833333333
"bio_oil_and_diesel",2014-07-01,117825.7,114191.916666667
"coal",2014-07-01,9462742.184,8438231.73616667
"natural_gas",2014-07-01,2920583.889,3150661.71783333
"oil",2014-07-01,390901.933,314941.126333333
"oil_and_natural_gas",2014-07-01,285010,233953
"bio_oil_and_diesel",2014-08-01,113319.1,114269.65
"coal",2014-08-01,9213244.426,8620127.32433333
"natural_gas",2014-08-01,2025221.115,2887036.20083333
"oil",2014-08-01,55504.412,265083.190666667
"oil_and_natural_gas",2014-08-01,7894,190982.666666667
"bio_oil_and_diesel",2014-09-01,86230.5,109579.416666667
"coal",2014-09-01,7336313.259,8399225.118
"natural_gas",2014-09-01,2900834.638,2723307.0765
"oil",2014-09-01,221285.586,221042.906
"oil_and_natural_gas",2014-09-01,33012,140054.333333333
"bio_oil_and_diesel",2014-10-01,79283.2,103105.166666667
"coal",2014-10-01,7577020.939,8379982.44883333
"natural_gas",2014-10-01,2958560.927,2707200.43966667
"oil",2014-10-01,31231.544,200010.319
"oil_and_natural_gas",2014-10-01,13397,111109.833333333
"bio_oil_and_diesel",2014-11-01,114770.5,103218.283333333
"coal",2014-11-01,7888280.823,8339366.14916667
"natural_gas",2014-11-01,3048143.925,2743588.8685
"oil",2014-11-01,49039.568,173282.167
"oil_and_natural_gas",2014-11-01,31969,84591.6666666667
"bio_oil_and_diesel",2014-12-01,116646.8,104679.3
"coal",2014-12-01,9503088.299,8496781.655
"natural_gas",2014-12-01,3880457.232,2955633.621
"oil",2014-12-01,173995.03,153659.678833333
"oil_and_natural_gas",2014-12-01,146992,86379
"bio_oil_and_diesel",2015-01-01,116133,104397.183333333
"coal",2015-01-01,9582119.863,8516677.93483333
"natural_gas",2015-01-01,3108403.353,2986936.865
"oil",2015-01-01,62361.467,98902.9345
"oil_and_natural_gas",2015-01-01,308952,90369.3333333333
"bio_oil_and_diesel",2015-02-01,102308.9,102562.15
"coal",2015-02-01,8188412.522,8345872.6175
"natural_gas",2015-02-01,2765003.886,3110233.9935
"oil",2015-02-01,52383.007,98382.7003333333
"oil_and_natural_gas",2015-02-01,395022,154890.666666667
"bio_oil_and_diesel",2015-03-01,116434.8,107596.2
"coal",2015-03-01,8584229.808,8553858.709
"natural_gas",2015-03-01,2635921.621,3066081.824
"oil",2015-03-01,688895.896,176317.752
"oil_and_natural_gas",2015-03-01,626739,253845.166666667
"bio_oil_and_diesel",2015-04-01,105820.2,112019.033333333
"coal",2015-04-01,8275509.89,8670273.53416667
"natural_gas",2015-04-01,2166082.466,2934002.0805
"oil",2015-04-01,227060.738,208955.951
"oil_and_natural_gas",2015-04-01,385422,315849.333333333
"bio_oil_and_diesel",2015-05-01,94303.6,108607.883333333
"coal",2015-05-01,8472527.421,8767647.96716667
"natural_gas",2015-05-01,2196888.366,2792126.154
"oil",2015-05-01,182450.978,231191.186
"oil_and_natural_gas",2015-05-01,51607,319122.333333333
"bio_oil_and_diesel",2015-06-01,74707.1,101617.933333333
"coal",2015-06-01,8867311.593,8661685.18283333
"natural_gas",2015-06-01,2185556.189,2509642.64683333
"oil",2015-06-01,91594.412,217457.749666667
"oil_and_natural_gas",2015-06-01,9944,296281
"bio_oil_and_diesel",2015-07-01,120509.8,102347.4
"coal",2015-07-01,8978811.714,8561133.82466667
"natural_gas",2015-07-01,2134694.517,2347357.84083333
"oil",2015-07-01,31711.261,212349.382
"bio_oil_and_diesel",2015-08-01,119048.5,105137.333333333
"coal",2015-08-01,9176761.579,8725858.6675
"natural_gas",2015-08-01,3038508.202,2392941.8935
"oil",2015-08-01,177132.511,233140.966
"oil_and_natural_gas",2015-08-01,24492,248871
"bio_oil_and_diesel",2015-09-01,116414.7,105133.983333333
"coal",2015-09-01,8087886.479,8643134.77933333
"natural_gas",2015-09-01,2341120.781,2343808.42016667
"oil",2015-09-01,163279.311,145538.201833333
"oil_and_natural_gas",2015-09-01,30731,188155.833333333
"bio_oil_and_diesel",2015-10-01,80958.9,100990.433333333
"coal",2015-10-01,6800512.328431,8397301.85240517
"natural_gas",2015-10-01,1683277.502,2263340.92616667
"oil",2015-10-01,184639.21,138467.947166667
"oil_and_natural_gas",2015-10-01,164985,111196.833333333
"bio_oil_and_diesel",2015-11-01,70299.6,96989.7666666667
"coal",2015-11-01,6544610.564352,8075982.37629717
"natural_gas",2015-11-01,808027.584,2031864.12916667
"oil",2015-11-01,630150.894,213084.599833333
"oil_and_natural_gas",2015-11-01,805143,181150.333333333
"bio_oil_and_diesel",2015-12-01,126184.3,105569.3
"coal",2015-12-01,8972598.770767,8093530.23925833
"natural_gas",2015-12-01,1678243.412,1947311.99966667
"oil",2015-12-01,622387.598,301550.130833333
"oil_and_natural_gas",2015-12-01,775125,301736.666666667
"bio_oil_and_diesel",2016-01-01,119407.8,105385.633333333
"coal",2016-01-01,9062705.874858,8107512.59940133
"natural_gas",2016-01-01,2154327.336625,1950584.13627083
"oil",2016-01-01,727832.841,417570.394166667
"oil_and_natural_gas",2016-01-01,728805,421546.833333333
"bio_oil_and_diesel",2016-02-01,124122.2,106231.25
"coal",2016-02-01,8319070.542547,7964564.09332583
"natural_gas",2016-02-01,1652939.645015,1719656.04344
"oil",2016-02-01,660733.634,498170.581333333
"oil_and_natural_gas",2016-02-01,623186,521329.166666667
"bio_oil_and_diesel",2016-03-01,113763.4,105789.366666667
"coal",2016-03-01,8338779.684248,8006379.62753383
"natural_gas",2016-03-01,1895187.978526,1645333.90969433
"oil",2016-03-01,686424.032,585361.368166667
"oil_and_natural_gas",2016-03-01,776715,645659.833333333
"bio_oil_and_diesel",2016-04-01,123187.8,112827.516666667
"coal",2016-04-01,6973576.004027,8035223.5734665
"natural_gas",2016-04-01,1244536.374073,1572210.38837317
"oil",2016-04-01,447807.074,629222.678833333
"oil_and_natural_gas",2016-04-01,579572,714757.666666667
"bio_oil_and_diesel",2016-05-01,118572.3,120872.966666667
"coal",2016-05-01,7313443.649752,8163362.42103317
"natural_gas",2016-05-01,1752855.887543,1729681.772297
"oil",2016-05-01,450060.218,599207.566166667
"oil_and_natural_gas",2016-05-01,305927,631555
"bio_oil_and_diesel",2016-06-01,105873.1,117487.766666667
"coal",2016-06-01,7674899.291871,7947079.1745505
"natural_gas",2016-06-01,2177400.061666,1812874.54724133
"oil",2016-06-01,257656.733,538419.088666667
"oil_and_natural_gas",2016-06-01,333425,557938.333333333
"bio_oil_and_diesel",2016-07-01,127836.9,118892.616666667
"coal",2016-07-01,8460952.579493,7846786.95865633
"natural_gas",2016-07-01,2888179.254053,1935183.200146
"oil",2016-07-01,436706.454,489898.024166667
"oil_and_natural_gas",2016-07-01,539943,526461.333333333
"bio_oil_and_diesel",2016-08-01,122385.6,118603.183333333
"coal",2016-08-01,8729407.642556,7915176.4753245
"natural_gas",2016-08-01,2975202.776675,2155560.388756
"oil",2016-08-01,399288.211,446323.787
"oil_and_natural_gas",2016-08-01,190051,454272.166666667
"bio_oil_and_diesel",2016-09-01,100339.8,116365.916666667
"coal",2016-09-01,7147471.688559,7716625.14270967
"natural_gas",2016-09-01,2514195.336405,2258728.28173583
"oil",2016-09-01,237459.402,371496.348666667
"oil_and_natural_gas",2016-09-01,81421,338389.833333333
"bio_oil_and_diesel",2016-10-01,44588.8,103266.083333333
"coal",2016-10-01,7496243.578706,7803736.40515617
"natural_gas",2016-10-01,3057448.732354,2560880.34144933
"oil",2016-10-01,617894.872,399844.315
"oil_and_natural_gas",2016-10-01,145991,266126.333333333
"bio_oil_and_diesel",2016-11-01,116826.5,102975.116666667
"coal",2016-11-01,8271353.470352,7963388.04192283
"natural_gas",2016-11-01,3082670.747508,2782516.1514435
"oil",2016-11-01,387443.222,389408.149
"oil_and_natural_gas",2016-11-01,190585,246902.666666667
"bio_oil_and_diesel",2016-12-01,117884.6,104977.033333333
"coal",2016-12-01,9198214.679333,8217273.93983317
"natural_gas",2016-12-01,2055975.994121,2762278.80685267
"oil",2016-12-01,420505.556,416549.6195
"oil_and_natural_gas",2016-12-01,690996,306497.833333333
"bio_oil_and_diesel",2017-01-01,116146.9,103028.7
"coal",2017-01-01,10032505.440264,8479199.41662833
"natural_gas",2017-01-01,1978067.499099,2610593.51436033
"oil",2017-01-01,484475.844,424511.1845
"oil_and_natural_gas",2017-01-01,266509,260925.5
"bio_oil_and_diesel",2017-02-01,99306.8,99182.2333333333
"coal",2017-02-01,9189593.046655,8555896.98397817
"natural_gas",2017-02-01,1561560.667132,2374986.49610317
"oil",2017-02-01,417681.588,427576.747333333
"oil_and_natural_gas",2017-02-01,283980,276580.333333333
"bio_oil_and_diesel",2017-03-01,92456,97868.2666666667
"coal",2017-03-01,8998886.1013,8864466.05276833
"natural_gas",2017-03-01,1276632.026011,2168725.94437083
"oil",2017-03-01,1708.631,388284.952166667
"bio_oil_and_diesel",2017-04-01,105718.7,108056.583333333
"coal",2017-04-01,8857199.327793,9091292.0109495
"natural_gas",2017-04-01,884667.910016,1806595.8073145
"oil",2017-04-01,53219.263,294172.350666667
"bio_oil_and_diesel",2017-05-01,53816.1,97554.85
"coal",2017-05-01,9080211.687293,9226101.713773
"natural_gas",2017-05-01,846531.424536,1433905.9201525
"oil",2017-05-01,32822.799,235068.946833333
"bio_oil_and_diesel",2017-06-01,112374.8,96636.55
"coal",2017-06-01,9613130.172486,9295254.29596517
"natural_gas",2017-06-01,1446551.301537,1332335.13805517
"oil",2017-06-01,53217.746,173854.311833333
"oil_and_natural_gas",2017-06-01,57125,272531
"bio_oil_and_diesel",2017-07-01,125527.8,98200.0333333333
"coal",2017-07-01,10807988.553286,9424501.48146883
"natural_gas",2017-07-01,2352727.881256,1394778.53508133
"oil",2017-07-01,248344.926,134499.158833333
"oil_and_natural_gas",2017-07-01,104924,265686.5
"bio_oil_and_diesel",2017-08-01,124693.6,102431.166666667
"coal",2017-08-01,11176891.726289,9755717.9280745
"natural_gas",2017-08-01,1887189.540463,1449050.01396983
"oil",2017-08-01,79833.152,78191.0861666667
"oil_and_natural_gas",2017-08-01,51544,242513
"bio_oil_and_diesel",2017-09-01,103338.9,104244.983333333
"coal",2017-09-01,10130415.058546,9944306.0876155
"natural_gas",2017-09-01,1115221.871752,1422148.32159333
"oil",2017-09-01,69678.345,89519.3718333333
"bio_oil_and_diesel",2017-10-01,95651.4,102567.1
"coal",2017-10-01,9079646.732642,9981380.65509033
"natural_gas",2017-10-01,1195311.887504,1473922.31784133
"oil",2017-10-01,0,80649.4946666667
"bio_oil_and_diesel",2017-11-01,98268.8,109975.883333333
"coal",2017-11-01,9436781.270159,10040808.9189013
"natural_gas",2017-11-01,1815380.167219,1635397.1082885
"oil",2017-11-01,132630.759,97284.1546666667
"oil_and_natural_gas",2017-11-01,18301,130397.166666667
"bio_oil_and_diesel",2017-12-01,116930.5,110735.166666667
"coal",2017-12-01,10257988.004078,10148285.2241667
"natural_gas",2017-12-01,2449155.705271,1802497.84224417
"oil",2017-12-01,512565.249,173842.071833333
"oil_and_natural_gas",2017-12-01,299168,135840.333333333
"bio_oil_and_diesel",2018-01-01,122222.7,110184.316666667
"coal",2018-01-01,11537786.239207,10269918.1718202
"natural_gas",2018-01-01,2566723.823824,1838163.83267217
"oil",2018-01-01,646331.443,240173.158
"oil_and_natural_gas",2018-01-01,394988,154341.666666667
"bio_oil_and_diesel",2018-02-01,117767.8,109030.016666667
"coal",2018-02-01,10199888.375977,10107084.2801015
"natural_gas",2018-02-01,2134681.596626,1879412.50869933
"oil",2018-02-01,365631.75,287806.257666667
"oil_and_natural_gas",2018-02-01,171649,173429
"bio_oil_and_diesel",2018-03-01,92409.2,107208.4
"coal",2018-03-01,10099818.634904,10101984.8761612
"natural_gas",2018-03-01,2294528.04667,2075963.53785233
"oil",2018-03-01,530890.448,364674.9415
"oil_and_natural_gas",2018-03-01,52092,164623.666666667
"bio_oil_and_diesel",2018-04-01,108360.5,109326.583333333
"coal",2018-04-01,9673246.314813,10200918.1398563
"natural_gas",2018-04-01,2304012.179083,2260746.91978217
"oil",2018-04-01,24983.571,368838.87
"bio_oil_and_diesel",2018-05-01,109992.5,111280.533333333
"coal",2018-05-01,8762591.277434,10088553.1410688
"natural_gas",2018-05-01,2166770.957289,2319312.0514605
"oil",2018-05-01,92890.875,362215.556
"oil_and_natural_gas",2018-05-01,20246,159407.333333333
"bio_oil_and_diesel",2018-06-01,53714,100744.45
"coal",2018-06-01,9248583.023412,9920318.9776245
"natural_gas",2018-06-01,2162146.989758,2271477.26554167
"oil",2018-06-01,96476.863,292867.491666667
"oil_and_natural_gas",2018-06-01,23801,160324
"bio_oil_and_diesel",2018-07-01,114812.6,99509.4333333333
"coal",2018-07-01,10741713.701736,9787640.22137933
"natural_gas",2018-07-01,2397227.92008,2243227.948251
"oil",2018-07-01,240356.274,225204.9635
"oil_and_natural_gas",2018-07-01,144816,134598.666666667
"bio_oil_and_diesel",2018-08-01,115007.42,99049.37
"coal",2018-08-01,11510735.569532,10006114.7536385
"natural_gas",2018-08-01,2545680.995813,2311727.8481155
"oil",2018-08-01,239146.799,204124.138333333
"oil_and_natural_gas",2018-08-01,207108,103285.333333333
"bio_oil_and_diesel",2018-09-01,107610.3,101582.886666667
"coal",2018-09-01,9976891.978044,9985626.97749517
"natural_gas",2018-09-01,1619923.719057,2199293.79351333
"oil",2018-09-01,0,115642.397
"oil_and_natural_gas",2018-09-01,8319,76063.6666666667
"bio_oil_and_diesel",2018-10-01,105117.9,101042.453333333
"coal",2018-10-01,8627336.472876,9811308.67050567
"natural_gas",2018-10-01,1880466.303112,2128702.81418483
"oil",2018-10-01,18779.608,114608.403166667
"oil_and_natural_gas",2018-10-01,240905,107532.5
"bio_oil_and_diesel",2018-11-01,93061.2,98220.57
"coal",2018-11-01,10296558.308966,10066969.8424277
"natural_gas",2018-11-01,1903387.838554,2084805.627729
"oil",2018-11-01,25353.649,103352.198833333
"bio_oil_and_diesel",2018-12-01,104129.8,106623.203333333
"coal",2018-12-01,10689223.627372,10307076.6097543
"natural_gas",2018-12-01,2328885.681046,2112595.40961033
"oil",2018-12-01,199412.745,120508.179166667
"oil_and_natural_gas",2018-12-01,4979,104988
"bio_oil_and_diesel",2019-01-01,115302.3,106704.82
"coal",2019-01-01,10728389.362245,10304855.8865058
"natural_gas",2019-01-01,2264707.587409,2090508.6874985
"oil",2019-01-01,243113.437,120967.706333333
"oil_and_natural_gas",2019-01-01,77330,113909.5
"bio_oil_and_diesel",2019-02-01,88474.2,102282.616666667
"coal",2019-02-01,9350207.042254,9944767.79862617
"natural_gas",2019-02-01,1764147.203311,1960253.05541483
"oil",2019-02-01,111795.428,99742.4778333333
"bio_oil_and_diesel",2019-03-01,99263.7,100891.516666667
"coal",2019-03-01,9151444.718844,9807193.25542617
"natural_gas",2019-03-01,1604822.921517,1957736.25582483
"oil",2019-03-01,518404.723,186143.265
"oil_and_natural_gas",2019-03-01,66151,100798.666666667
"bio_oil_and_diesel",2019-04-01,93420,98941.8666666667
"coal",2019-04-01,7706138.619584,9653660.2798775
"natural_gas",2019-04-01,1817661.798368,1947268.8383675
"oil",2019-04-01,0,183013.330333333
"bio_oil_and_diesel",2019-05-01,79890,96746.6666666667
"coal",2019-05-01,8187064.429363,9302077.96661033
"natural_gas",2019-05-01,1753355.574969,1922263.46110333
"oil",2019-05-01,13458.321,181030.775666667
"oil_and_natural_gas",2019-05-01,7642,67554.3333333333
"bio_oil_and_diesel",2019-06-01,42072.7,86403.8166666667
"coal",2019-06-01,9380881.838535,9084021.00180417
"natural_gas",2019-06-01,1521577.900134,1787712.16428467
"oil",2019-06-01,2469.096,148206.834166667
"bio_oil_and_diesel",2019-07-01,98625.1,83624.2833333333
"coal",2019-07-01,11144264.36922,9153333.50296667
"natural_gas",2019-07-01,2028466.219464,1748338.6029605
"oil",2019-07-01,1590.666,107953.039
"oil_and_natural_gas",2019-07-01,52462,74911.5
"bio_oil_and_diesel",2019-08-01,97887.2,85193.1166666667
"coal",2019-08-01,11534310.143793,9517350.6865565
"natural_gas",2019-08-01,8717960.206078,2907307.436755
"oil",2019-08-01,62455.643,99729.7415
"oil_and_natural_gas",2019-08-01,40541,41517.5
"bio_oil_and_diesel",2019-09-01,87473.9,83228.15
"coal",2019-09-01,10223378.071559,9696006.24534233
"natural_gas",2019-09-01,1747187.277903,2931034.829486
"oil",2019-09-01,8539.084,14752.135
"oil_and_natural_gas",2019-09-01,12266,42732
"bio_oil_and_diesel",2019-10-01,86948.3,82149.5333333333
"coal",2019-10-01,9570947.084785,10006807.6562092
"natural_gas",2019-10-01,1547920.72497,2886077.98391967
"oil",2019-10-01,73465.742,26996.4253333333
"oil_and_natural_gas",2019-10-01,46426,37581.3333333333
"bio_oil_and_diesel",2019-11-01,80336.2,82223.9
"coal",2019-11-01,8874008.098282,10121298.2676957
"natural_gas",2019-11-01,1815451.519096,2896427.30794083
"oil",2019-11-01,10419.988,26490.0365
"oil_and_natural_gas",2019-11-01,11928,28544.1666666667
"bio_oil_and_diesel",2019-12-01,73324,87432.45
"coal",2019-12-01,9282517.185185,10104904.158804
"natural_gas",2019-12-01,2432708.369547,3048282.38617633
"oil",2019-12-01,201638.384,59684.9178333333
"oil_and_natural_gas",2019-12-01,280381,74000.6666666667
"bio_oil_and_diesel",2020-01-01,70032.5,82667.0166666667
"coal",2020-01-01,9113273.179988,9766405.62726533
"natural_gas",2020-01-01,2357297.4637,3103087.593549
"oil",2020-01-01,23371.198,63315.0065
"oil_and_natural_gas",2020-01-01,153661,90867.1666666667
"bio_oil_and_diesel",2020-02-01,65028.4,77190.55
"coal",2020-02-01,7840959.278916,9150847.14978583
"natural_gas",2020-02-01,1847144.469021,1957951.63737283
"oil",2020-02-01,10101.658,54589.3423333333
"oil_and_natural_gas",2020-02-01,43360,91337
"bio_oil_and_diesel",2020-03-01,68684.2,74058.9333333333
"coal",2020-03-01,7164221.737093,8640987.76070817
"natural_gas",2020-03-01,1835106.160418,1972604.78445867
"oil",2020-03-01,35125.476,59020.4076666667
"bio_oil_and_diesel",2020-04-01,70032.3,71239.6
"coal",2020-04-01,7311054.529441,8264339.00148417
"natural_gas",2020-04-01,1000253.0247,1881326.83441367
"oil",2020-04-01,64966.132,57603.806
"bio_oil_and_diesel",2020-05-01,60419.551776,67920.1586293333
"coal",2020-05-01,6732549.24294,7907429.1922605
"natural_gas",2020-05-01,1007292.692992,1746633.69672967
"oil",2020-05-01,4681.226,56647.3456666667
"bio_oil_and_diesel",2020-06-01,31847.6,61007.425296
"coal",2020-06-01,8466415.140203,7771412.1847635
"natural_gas",2020-06-01,1466260.08029,1585558.9818535
"oil",2020-06-01,0,23040.9483333333
"bio_oil_and_diesel",2020-07-01,40423.5,56072.5919626667
"coal",2020-07-01,9612166.287073,7854561.03594433
"natural_gas",2020-07-01,1434932.154677,1431831.43034967
"oil",2020-07-01,0,19145.7486666667
"bio_oil_and_diesel",2020-08-01,74062.9,57578.3419626667
"coal",2020-08-01,10117201.573995,8233934.75179083
"natural_gas",2020-08-01,2256654.228929,1500083.057001
"oil",2020-08-01,121019.78,37632.1023333333
"bio_oil_and_diesel",2020-09-01,2648.7,46572.425296
"coal",2020-09-01,6299379.56078,8089794.389072
"natural_gas",2020-09-01,869630.721,1339170.48376467
"oil",2020-09-01,515236.354,117650.582
"bio_oil_and_diesel",2020-10-01,50682.6,43347.475296
"coal",2020-10-01,7171509.457226,8066536.87703617
"natural_gas",2020-10-01,1338676.65493,1395574.42213633
"oil",2020-10-01,109618.918,125092.713
"bio_oil_and_diesel",2020-11-01,51075.2,41790.0833333333
"coal",2020-11-01,6813818.696789,8080081.786011
"natural_gas",2020-11-01,1416260.974813,1463735.80243983
"oil",2020-11-01,245121.77,165166.137
"bio_oil_and_diesel",2020-12-01,74803.1,48949.3333333333
"coal",2020-12-01,9105151.138858,8186537.78578683
"natural_gas",2020-12-01,2669792.976085,1664324.61840567
"oil",2020-12-01,374706.699,227617.2535
"bio_oil_and_diesel",2021-01-01,83275.3,56091.3
"coal",2021-01-01,8943528.079258,8075098.08448433
"natural_gas",2021-01-01,2804330.260286,1892557.63600717
"oil",2021-01-01,250396.172,269349.948833333
"bio_oil_and_diesel",2021-02-01,74334,56136.4833333333
"coal",2021-02-01,7380862.333799,7619041.54445167
"natural_gas",2021-02-01,2107798.77579,1867748.39381733
"oil",2021-02-01,94610.584,264948.416166667
"bio_oil_and_diesel",2021-03-01,60441.8,65768.6666666667
"coal",2021-03-01,6633505.028088,7674729.12233633
"natural_gas",2021-03-01,2063259.540095,2066686.53033317
"oil",2021-03-01,0,179075.6905
"bio_oil_and_diesel",2021-04-01,43875.2,64634.1
"coal",2021-04-01,6504539.545842,7563567.470439
"natural_gas",2021-04-01,2364184.460377,2237604.49790767
"oil",2021-04-01,31683.144,166086.394833333
"bio_oil_and_diesel",2021-05-01,35326.5,62009.3166666667
"coal",2021-05-01,7629165.70461,7699458.63840917
"natural_gas",2021-05-01,1963659.098666,2328837.51854983
"oil",2021-05-01,180882.92,155379.919833333
"bio_oil_and_diesel",2021-06-01,42910,56693.8
"coal",2021-06-01,8643039.236686,7622439.98804717
"natural_gas",2021-06-01,2402110.862703,2284223.83298617
"oil",2021-06-01,137630.295,115867.185833333
"bio_oil_and_diesel",2021-07-01,85814.3,57116.9666666667
"coal",2021-07-01,10726732.576351,7919640.73756267
"natural_gas",2021-07-01,3029191.687848,2321700.73757983
"oil",2021-07-01,237595.212,113733.6925
"bio_oil_and_diesel",2021-08-01,88800.2,59528
"coal",2021-08-01,10634063.789206,8461840.9801305
"natural_gas",2021-08-01,2411413.596761,2372303.20774167
"oil",2021-08-01,47692.089,105913.943333333
"bio_oil_and_diesel",2021-09-01,67163.1,60648.2166666667
"coal",2021-09-01,8579213.265384,8786125.6863465
"natural_gas",2021-09-01,2499150.878992,2444951.7642245
"oil",2021-09-01,173748.533,134872.032166667
"bio_oil_and_diesel",2021-10-01,53707.8,62286.9833333333
"coal",2021-10-01,7304321.055869,8919422.60468433
"natural_gas",2021-10-01,2536548.717,2473679.14032833
"oil",2021-10-01,173742.997,158548.674333333
"bio_oil_and_diesel",2021-11-01,53120.9,65252.7166666667
"coal",2021-11-01,8051651.165925,8989836.84823683
"natural_gas",2021-11-01,2421851.112,2550044.475884
"oil",2021-11-01,87583.711,142998.806166667
"bio_oil_and_diesel",2021-12-01,76479.4,70847.6166666667
"coal",2021-12-01,8941950.666141,9039655.41981267
"natural_gas",2021-12-01,2099723.677652,2499646.61170883
"oil",2021-12-01,78287.835,133108.396166667
"bio_oil_and_diesel",2022-01-01,85904.2,70862.6
"coal",2022-01-01,8933894.30563,8740849.04135917
"natural_gas",2022-01-01,2215209.225467,2363982.86797867
"oil",2022-01-01,351792.554,152141.2865
"bio_oil_and_diesel",2022-02-01,73965.284192,68390.114032
"coal",2022-02-01,7843624.965127,8275775.90401267
"natural_gas",2022-02-01,2076161.394181,2308107.500882
"bio_oil_and_diesel",2022-03-01,68624.1,68633.614032
"coal",2022-03-01,6514825.686552,7931711.30754067
"natural_gas",2022-03-01,2690948.710492,2340073.806132
"bio_oil_and_diesel",2022-04-01,79331.5,72904.2306986667
"coal",2022-04-01,6389596.622472,7779257.23530783
"natural_gas",2022-04-01,2024614.309242,2254751.404839
"bio_oil_and_diesel",2022-05-01,76525.7,76805.0306986667
"coal",2022-05-01,6555087.259542,7529829.91757733
"natural_gas",2022-05-01,2034733.135894,2190231.74215467
"bio_oil_and_diesel",2022-06-01,42122.3,71078.8473653333
"coal",2022-06-01,8282001.213095,7419838.34206967
"natural_gas",2022-06-01,2166236.066086,2201317.140227
"bio_oil_and_diesel",2022-07-01,52911.7,65580.0973653333
"coal",2022-07-01,9879876.392053,7577502.02314017
"natural_gas",2022-07-01,2571089.279639,2260630.482589
"bio_oil_and_diesel",2022-08-01,89758.8,68212.35
"coal",2022-08-01,9568758.030437,7865024.20069183
"natural_gas",2022-08-01,2051551.409842,2256528.8185325
"bio_oil_and_diesel",2022-09-01,87747.2,71399.5333333333
"coal",2022-09-01,7212993.184573,7981385.450362
"natural_gas",2022-09-01,2022728.268368,2145158.74484517
"bio_oil_and_diesel",2022-10-01,65361.1,69071.1333333333
"coal",2022-10-01,6380423.11374,7979856.53224
"natural_gas",2022-10-01,2603590.589288,2241654.7915195
"bio_oil_and_diesel",2022-11-01,86282.1,70697.2
"coal",2022-11-01,6918901.484106,8040492.236334
"natural_gas",2022-11-01,2686277.356305,2350245.49492133
"bio_oil_and_diesel",2022-12-01,94822.4,79480.55
"coal",2022-12-01,9339429.045266,8216730.2083625
"natural_gas",2022-12-01,3166104.327616,2516890.20517633
"bio_oil_and_diesel",2023-01-01,94630,86433.6
"coal",2023-01-01,8899736.673176,8053373.58854967
"natural_gas",2023-01-01,2325532.9099,2475964.14355317
"bio_oil_and_diesel",2023-02-01,83551.7,85399.0833333333
"coal",2023-02-01,7627711.87485,7729865.89595183
"natural_gas",2023-02-01,2412712.968534,2536157.7366685
"bio_oil_and_diesel",2023-03-01,78275.5,83820.4666666667
"coal",2023-03-01,5869601.231841,7505967.23716317
"natural_gas",2023-03-01,1903742.784782,2516326.8227375
"bio_oil_and_diesel",2023-04-01,83287.3,86808.1666666667
"coal",2023-04-01,5712212.080485,7394598.73162067
"natural_gas",2023-04-01,1787779.023733,2380358.22847833
"bio_oil_and_diesel",2023-05-01,55129.3,81616.0333333333
"coal",2023-05-01,5641191.872292,7181647.12965167
"natural_gas",2023-05-01,1428898.883024,2170795.14959817
"bio_oil_and_diesel",2023-06-01,48118,73831.9666666667
"coal",2023-06-01,6523775.342898,6712371.51259033
"natural_gas",2023-06-01,1673262.599858,1921988.19497183
"bio_oil_and_diesel",2023-07-01,97369.6,74288.5666666667
"coal",2023-07-01,8110809.049458,6580883.575304
"natural_gas",2023-07-01,2042950.453768,1874891.11894983
"bio_oil_and_diesel",2023-08-01,97569.6,76624.8833333333
"coal",2023-08-01,8741077.111519,6766444.44808217
"natural_gas",2023-08-01,2205172.813326,1840301.09308183
"bio_oil_and_diesel",2023-09-01,86340.4,77969.0333333333
"coal",2023-09-01,6630114.510351,6893196.66116717
"natural_gas",2023-09-01,1843448.724692,1830252.08306683
"bio_oil_and_diesel",2023-10-01,88788.9,78885.9666666667
"coal",2023-10-01,5910529.744015,6926249.60508883
"natural_gas",2023-10-01,1633866.918532,1804600.06553333
"bio_oil_and_diesel",2023-11-01,84032.3,83703.1333333333
"coal",2023-11-01,6428609.471794,7057485.8716725
"natural_gas",2023-11-01,1577182.721565,1829314.0386235
"bio_oil_and_diesel",2023-12-01,94842.9,91490.6166666667
"coal",2023-12-01,7332096.463605,7192206.058457
"natural_gas",2023-12-01,1613628.572685,1819375.03409467
"bio_oil_and_diesel",2024-01-01,74546.5,87686.7666666667
"coal",2024-01-01,7714930.762388,7126226.34394533
"natural_gas",2024-01-01,2058460.284081,1821960.0058135
"bio_oil_and_diesel",2024-02-01,50244,79799.1666666667
"coal",2024-02-01,6402698.304292,6736496.54274083
"natural_gas",2024-02-01,1438357.653616,1694157.47919517
"bio_oil_and_diesel",2024-03-01,90236.4,80448.5
"coal",2024-03-01,5541682.84892,6555091.26583567
"natural_gas",2024-03-01,1445466.155671,1627827.051025
"bio_oil_and_diesel",2024-04-01,57024.7,75154.4666666667
"coal",2024-04-01,5137812.670297,6426305.08688267
"natural_gas",2024-04-01,1111292.507631,1540731.31587483
"bio_oil_and_diesel",2024-05-01,27358.937728,65708.906288
"coal",2024-05-01,4101448.292103,6038444.8902675
"natural_gas",2024-05-01,1763210.369109,1571735.92379883
"bio_oil_and_diesel",2024-06-01,45351.1,57460.2729546667
"coal",2024-06-01,5803542.650122,5783685.92135367
"natural_gas",2024-06-01,2275654.596195,1682073.59438383
"bio_oil_and_diesel",2024-07-01,86662.6,59479.6229546667
"coal",2024-07-01,8163086.721725,5858378.58124317
"natural_gas",2024-07-01,2680358.419661,1785723.28364717
"bio_oil_and_diesel",2024-08-01,99175,67634.7896213333
"coal",2024-08-01,9359257.869333,6351138.50875
"natural_gas",2024-08-01,2956821.597656,2038800.60765383
"bio_oil_and_diesel",2024-09-01,79938.565184,65918.4838186667
"coal",2024-09-01,6902695.940881,6577974.02407683
"natural_gas",2024-09-01,2097945.776255,2147547.2110845
"bio_oil_and_diesel",2024-10-01,93582.7,72011.4838186667
"coal",2024-10-01,5136668.285017,6577783.29319683
"natural_gas",2024-10-01,1858435.147741,2272070.98443617
"bio_oil_and_diesel",2024-11-01,83514.4,81370.7275306667
"coal",2024-11-01,5584291.327283,6824923.79906017
"natural_gas",2024-11-01,1249428.600863,2186440.6897285
"bio_oil_and_diesel",2024-12-01,78247.4,86853.4441973333
"coal",2024-12-01,6906107.380258,7008684.58741617
"natural_gas",2024-12-01,1223810.346877,2011133.31484217
"bio_oil_and_diesel",2025-01-01,94627.3,88180.8941973333
"coal",2025-01-01,3681180.222236,6261700.17083467
"natural_gas",2025-01-01,1110033.563086,1749412.505413
"bio_oil_and_diesel",2025-02-01,83430.9,85556.8775306667
"coal",2025-02-01,3074831.756532,5214295.81870117
"natural_gas",2025-02-01,1390420.177004,1488345.601971
"bio_oil_and_diesel",2025-03-01,64565.600001,82994.7166668333
"coal",2025-03-01,2167064.278413,4425023.8749565
"natural_gas",2025-03-01,997821.101772,1304991.48955717
"bio_oil_and_diesel",2025-04-01,69096.5,78913.6833335
"coal",2025-04-01,2006208.929353,3903280.6490125
"natural_gas",2025-04-01,1194689.991955,1194367.29692617
"bio_oil_and_diesel",2025-05-01,70608,76762.6166668333
"coal",2025-05-01,2914054.077617,3458241.1074015
"natural_gas",2025-05-01,1622177.396271,1256492.09616083
"bio_oil_and_diesel",2025-06-01,24307.9,67772.7000001667
"coal",2025-06-01,3763828.865045,2934528.02153267
"natural_gas",2025-06-01,1619395.948972,1322423.02984333
"bio_oil_and_diesel",2025-07-01,49562.2,60261.8500001667
"coal",2025-07-01,2523896.816448,2741647.45390133
"natural_gas",2025-07-01,784012.655447,1268086.2119035
"bio_oil_and_diesel",2025-08-01,89976.8,61352.8333335
"coal",2025-08-01,2719760.723603,2682468.94841317
"natural_gas",2025-08-01,895226.239726,1185553.88902383
"bio_oil_and_diesel",2025-09-01,93815.4,66227.8
"coal",2025-09-01,2863116.894673,2798477.71778983
"natural_gas",2025-09-01,542518.558612,1109670.1318305
"bio_oil_and_diesel",2025-10-01,73531.8,66967.0166666667
"coal",2025-10-01,1708813.652063,2748911.8382415
"natural_gas",2025-10-01,562327.469526,1004276.37809233
"bio_oil_and_diesel",2025-11-01,70014.8,66868.15
"coal",2025-11-01,1307476.588239,2481148.92334517
"natural_gas",2025-11-01,656329.490192,843301.727079167
"bio_oil_and_diesel",2025-12-01,91333.300001,78039.0500001667
"coal",2025-12-01,2282565.26662,2234271.656941
"natural_gas",2025-12-01,355288.900062,632617.2189275
