"energy_type_clean","date","emissions_kg","generation_mwh","ef_kg_per_mwh","ef_ma_kg_per_mwh"
"natural_gas",2002-01-01,176500,329376,0.535861750704362,0.535861750704362
"natural_gas",2002-02-01,132500,212606,0.623218535695136,0.579540143199749
"natural_gas",2002-03-01,174000,281808,0.617441662408448,0.592173982935982
"natural_gas",2002-04-01,180600,272163,0.66357293239713,0.610023720301269
"natural_gas",2002-05-01,176000,273185,0.644252063619891,0.616869388964993
"natural_gas",2002-06-01,199000,323814,0.614550328274874,0.616482878849973
"natural_gas",2002-07-01,228700,498912,0.458397472901033,0.603572165882752
"natural_gas",2002-08-01,253100,568461,0.445237228235534,0.573908614639485
"natural_gas",2002-09-01,135000,305790,0.441479446679094,0.544581578684593
"natural_gas",2002-10-01,152900,318941,0.479399011102367,0.513885925135465
"natural_gas",2002-11-01,177800,397812,0.446944787990307,0.481001379197201
"natural_gas",2002-12-01,140500,319992,0.439073476836921,0.451755237290876
"natural_gas",2003-01-01,193800,359037,0.539777237443495,0.465318531381286
"natural_gas",2003-02-01,48500,121484,0.399229528168318,0.457650581370084
"natural_gas",2003-03-01,151800,316097,0.480232333745654,0.464109395881177
"natural_gas",2003-04-01,176700,357746,0.493925858010991,0.466530537032614
"natural_gas",2003-05-01,180500,368379,0.489984499659318,0.473703822310783
"natural_gas",2003-06-01,241200,504945,0.477675786471794,0.480137540583262
"natural_gas",2003-07-01,257100,619371,0.41509854352238,0.459357758263076
"natural_gas",2003-08-01,276300,604974,0.456713842247766,0.468938477276317
"natural_gas",2003-09-01,174400,370159,0.47114888466848,0.467424569096788
"natural_gas",2003-10-01,170200,343732,0.495153200749421,0.46762912621986
"natural_gas",2003-11-01,178800,354496,0.504378046578805,0.470028050706441
"natural_gas",2003-12-01,192700,367201,0.524780705934897,0.477878870616958
"natural_gas",2004-01-01,239800,475679,0.504121476878315,0.492716026176281
"natural_gas",2004-02-01,297000,629538,0.471774539424149,0.495226142372345
"natural_gas",2004-03-01,271100,601730,0.450534292789125,0.491790377059119
"natural_gas",2004-04-01,158100,405178,0.390198875555929,0.47429798952687
"natural_gas",2004-05-01,269300,655200,0.411019536019536,0.458738237766992
"natural_gas",2004-06-01,270000,706708,0.382053125194564,0.434950307643603
"natural_gas",2004-07-01,292200,772942,0.378036126902148,0.413936082647575
"natural_gas",2004-08-01,263700,744085,0.354394995195441,0.394372825276124
"natural_gas",2004-09-01,204900,562344,0.364367717980453,0.380011729474679
"natural_gas",2004-10-01,261000,720460,0.362268550648197,0.37535667532339
"natural_gas",2004-11-01,141200,431645,0.327120666288269,0.361373530368179
"natural_gas",2004-12-01,264200,774575,0.341090275312268,0.35454638872113
"natural_gas",2005-01-01,182800,604170,0.302563847923598,0.341967675558038
"oil_and_natural_gas",2005-01-01,861000,900595,0.956034621555749,0.956034621555749
"natural_gas",2005-02-01,120000,407792,0.294267665868874,0.33194645400361
"oil_and_natural_gas",2005-02-01,796600,763260,1.04368105232817,0.99985783694196
"natural_gas",2005-03-01,210300,732306,0.287175033387682,0.319081006571481
"oil_and_natural_gas",2005-03-01,969200,949981,1.02023093093441,1.00664886827278
"natural_gas",2005-04-01,98100,348109,0.28180828418685,0.305670962161257
"oil_and_natural_gas",2005-04-01,785200,767757,1.0227194281524,1.01066650824268
"natural_gas",2005-05-01,74200,328093,0.2261553888684,0.288843415924612
"oil_and_natural_gas",2005-05-01,512800,500886,1.02378585147119,1.01329037688838
"natural_gas",2005-06-01,125100,594983,0.210258108214857,0.26703805474171
"oil_and_natural_gas",2005-06-01,145900,132487,1.10124012167232,1.02794866768571
"natural_gas",2005-07-01,138800,670579,0.20698530672747,0.251108297875689
"oil_and_natural_gas",2005-07-01,185900,175300,1.06046776953793,1.0453541923494
"natural_gas",2005-08-01,138400,692153,0.199955790121548,0.235389651917801
"oil_and_natural_gas",2005-08-01,139600,110614,1.2620463955738,1.08174841622367
"natural_gas",2005-09-01,101400,576196,0.175981783976286,0.216857443682568
"oil_and_natural_gas",2005-09-01,152800,151597,1.00793551323575,1.07969917994056
"natural_gas",2005-10-01,102500,498974,0.205421524969237,0.2041263171463
"oil_and_natural_gas",2005-10-01,175700,173328,1.01368503646266,1.07819344799228
"natural_gas",2005-11-01,77200,538854,0.143267007389757,0.190311586899859
"oil_and_natural_gas",2005-11-01,355400,328795,1.08091668060646,1.08771525284815
"natural_gas",2005-12-01,98100,804149,0.121992317344174,0.175600621754745
"oil_and_natural_gas",2005-12-01,542400,543355,0.998242401376632,1.07054896613221
"natural_gas",2006-01-01,69600,490521,0.141889949665764,0.164751395577794
"oil_and_natural_gas",2006-01-01,836600,812268,1.0299556304077,1.0654636096105
"natural_gas",2006-02-01,94100,701406,0.134159103286827,0.153785281105341
"oil_and_natural_gas",2006-02-01,427100,408155,1.04641618992785,1.02952524200284
"natural_gas",2006-03-01,129400,1008373,0.128325530334509,0.145842572165044
"oil_and_natural_gas",2006-03-01,527500,509331,1.035672283839,1.03414803710338
"natural_gas",2006-04-01,130000,986208,0.131818034329472,0.133575323725084
"oil_and_natural_gas",2006-04-01,304200,274349,1.10880666596197,1.05000164201993
"natural_gas",2006-05-01,93600,774358,0.120874324278951,0.129843209873283
"oil_and_natural_gas",2006-05-01,101400,90889,1.11564655788929,1.05578995490041
"natural_gas",2006-06-01,195000,833249,0.23402368319674,0.148515104182044
"oil_and_natural_gas",2006-06-01,188400,166573,1.13103564203082,1.0779221616761
"natural_gas",2006-07-01,89400,631997,0.141456367672631,0.148442840516522
"oil_and_natural_gas",2006-07-01,149800,136359,1.09857068473661,1.08935800406426
"natural_gas",2006-08-01,113900,790738,0.144042653824655,0.150090098939493
"oil_and_natural_gas",2006-08-01,366000,332585,1.10047055639912,1.0983670651428
"natural_gas",2006-09-01,97400,716332,0.135970471792409,0.151364255849143
"oil_and_natural_gas",2006-09-01,202200,199363,1.0142303235806,1.09479340509974
"natural_gas",2006-10-01,70900,542123,0.130782128778893,0.151191604924047
"oil_and_natural_gas",2006-10-01,135700,128286,1.05779274433687,1.08629108482889
"natural_gas",2006-11-01,94900,662121,0.143327277038487,0.154933763717303
"oil_and_natural_gas",2006-11-01,731700,865920,0.844997228381375,1.04118286324423
"natural_gas",2006-12-01,170900,944214,0.180997104469961,0.146096000596173
"oil_and_natural_gas",2006-12-01,726400,942364,0.770827408517303,0.981148157658647
"natural_gas",2007-01-01,154300,1051255,0.146776947553163,0.146982763909595
"oil_and_natural_gas",2007-01-01,515800,701266,0.735526889939053,0.920640858525721
"natural_gas",2007-02-01,144600,981038,0.14739490213427,0.147541471961197
"oil_and_natural_gas",2007-02-01,436200,645803,0.67543817541882,0.849802128362338
"natural_gas",2007-03-01,172600,1214751,0.142086732178035,0.148560848692135
"oil_and_natural_gas",2007-03-01,393400,789267,0.498437157514504,0.763836600684655
"natural_gas",2007-04-01,124900,975927,0.127980883816105,0.14809397453167
"oil_and_natural_gas",2007-04-01,268400,527961,0.508370883455407,0.672266290537744
"natural_gas",2007-05-01,139000,945464,0.147017760591625,0.14870905512386
"oil_and_natural_gas",2007-05-01,355900,870944,0.408637065069626,0.599539596652452
"natural_gas",2007-06-01,146400,959087,0.15264517191871,0.143983733031985
"oil_and_natural_gas",2007-06-01,171000,397967,0.429683868260434,0.542682339942974
"natural_gas",2007-07-01,139200,938508,0.148320525770691,0.144240996068239
"oil_and_natural_gas",2007-07-01,107200,239819,0.447003782018939,0.494595155289622
"natural_gas",2007-08-01,99000,870136,0.113775317881343,0.138637732026085
"oil_and_natural_gas",2007-08-01,81600,168333,0.484753435155317,0.462814365245704
"natural_gas",2007-09-01,121600,726205,0.167445831411241,0.142864248564952
"oil_and_natural_gas",2007-09-01,81000,189007,0.428555556143423,0.451167431683858
"natural_gas",2007-10-01,143200,976213,0.146689298339604,0.145982317652202
"oil_and_natural_gas",2007-10-01,103200,256360,0.402558901544703,0.433532101365407
"natural_gas",2007-11-01,156400,1001631,0.156145326971709,0.14750357871555
"oil_and_natural_gas",2007-11-01,90300,245844,0.367306096549031,0.426643606611975
"natural_gas",2007-12-01,192800,1200322,0.160623566009787,0.148833311064063
"oil_and_natural_gas",2007-12-01,115800,319585,0.362344916063019,0.415420447912405
"coal",2008-01-01,1219100,2977918,0.409379976211568,0.409379976211568
"natural_gas",2008-01-01,244400,1459214,0.167487428163381,0.152027794796178
"oil_and_natural_gas",2008-01-01,148900,439102,0.339101165560621,0.397436678502686
"coal",2008-02-01,1250400,2557468,0.488921073499258,0.449150524855413
"natural_gas",2008-02-01,182000,1083643,0.167951991569179,0.161057240410817
"oil_and_natural_gas",2008-02-01,129700,379351,0.341899718202931,0.373627725677288
"coal",2008-03-01,1351100,2665043,0.506971182078488,0.468424077263105
"natural_gas",2008-03-01,183800,1126582,0.163148354935548,0.160340994331535
"oil_and_natural_gas",2008-03-01,70600,199047,0.354690098318488,0.361316816039799
"coal",2008-04-01,1242000,2565437,0.484128045241415,0.472350069257682
"natural_gas",2008-04-01,109800,843318,0.130199995731148,0.157592777230125
"oil_and_natural_gas",2008-04-01,25700,72390,0.35502141179721,0.353393901081883
"coal",2008-05-01,1297900,2653026,0.489214956807811,0.475723046767708
"natural_gas",2008-05-01,130600,824627,0.158374634834901,0.157964328540657
"oil_and_natural_gas",2008-05-01,19600,49678,0.394540843029107,0.357933025495229
"coal",2008-06-01,1453000,2863845,0.507359860606981,0.480995849074254
"natural_gas",2008-06-01,82800,670102,0.123563278426269,0.151787613943404
"oil_and_natural_gas",2008-06-01,26100,65831,0.396469748294876,0.363620497533872
"coal",2008-07-01,1543700,2955328,0.522344727894839,0.499823307688132
"natural_gas",2008-07-01,125900,939197,0.134050683722371,0.146214823203236
"oil_and_natural_gas",2008-07-01,126600,320331,0.39521619824494,0.372973002981259
"coal",2008-08-01,1539000,2963656,0.519291037826252,0.504884968409298
"natural_gas",2008-08-01,75600,642115,0.117735919578269,0.137845477871418
"oil_and_natural_gas",2008-08-01,17500,42880,0.408115671641791,0.384008995221069
"coal",2008-09-01,1312300,2579673,0.508707886619738,0.505174419166173
"natural_gas",2008-09-01,120700,824905,0.146319879258824,0.135040731925297
"oil_and_natural_gas",2008-09-01,26700,64641,0.413050540678517,0.393735735614407
"coal",2008-10-01,1293200,2620621,0.493470822373781,0.506731548688234
"natural_gas",2008-10-01,140200,1041144,0.13465956678423,0.135783993767477
"oil_and_natural_gas",2008-10-01,35500,90271,0.393260294003611,0.400108882648807
"coal",2008-11-01,1366700,2623665,0.520912540282391,0.512014479267331
"natural_gas",2008-11-01,124600,994928,0.125235192898381,0.130260753444724
"oil_and_natural_gas",2008-11-01,18700,48510,0.385487528344671,0.398599996868068
"coal",2008-12-01,1396200,2808384,0.497154235318247,0.510313541719208
"natural_gas",2008-12-01,96300,886411,0.108640348551631,0.127773598465618
"oil_and_natural_gas",2008-12-01,66900,162576,0.411499852376735,0.401105014215044
"coal",2009-01-01,1500300,3011422,0.498203174447155,0.506289949477927
"natural_gas",2009-01-01,89000,661518,0.134539045044882,0.127854992019369
"oil_and_natural_gas",2009-01-01,207500,536368,0.386861259433822,0.399712524413191
"coal",2009-02-01,1272100,2531510,0.502506409218214,0.503492511376588
"natural_gas",2009-02-01,57800,508997,0.113556661434154,0.12715844899535
"oil_and_natural_gas",2009-02-01,239600,591106,0.405341850700213,0.399250220922928
"coal",2009-03-01,1408200,2738554,0.514212975168647,0.504410026134739
"natural_gas",2009-03-01,93100,664551,0.140094590181942,0.12612090081587
"oil_and_natural_gas",2009-03-01,208600,472467,0.44151231726237,0.40399385035357
"coal",2009-04-01,1251700,2430528,0.514990981383469,0.50799671930302
"natural_gas",2009-04-01,63900,503977,0.126791500405772,0.12480955641946
"oil_and_natural_gas",2009-04-01,279700,609351,0.459012949843358,0.414952626326861
"coal",2009-05-01,1222900,2441095,0.50096370686106,0.504671913732799
"natural_gas",2009-05-01,35200,236961,0.148547651301269,0.128694966153275
"oil_and_natural_gas",2009-05-01,159600,279249,0.571532932973798,0.445960193765049
"coal",2009-06-01,1410200,2721464,0.518176981213053,0.508175704715266
"natural_gas",2009-06-01,110500,714705,0.154609244373553,0.136356448790262
"oil_and_natural_gas",2009-06-01,14600,26586,0.549161212668322,0.468903753813647
"coal",2009-07-01,1599100,2943018,0.543353795321673,0.515700808194353
"natural_gas",2009-07-01,89100,623428,0.142919471053594,0.137753186458381
"oil_and_natural_gas",2009-07-01,23600,32115,0.734859100108983,0.526903393926174
"coal",2009-08-01,1603800,2938397,0.545807799286482,0.522917706539064
"natural_gas",2009-08-01,97100,646391,0.150218675693195,0.143863522168221
"oil_and_natural_gas",2009-08-01,95200,132280,0.719685515573027,0.57929400473831
"coal",2009-09-01,1556000,2932563,0.53059388664455,0.525647858451714
"natural_gas",2009-09-01,137700,763975,0.180241500049085,0.150554673812745
"oil_and_natural_gas",2009-09-01,27500,42624,0.645176426426426,0.613238022932319
"coal",2009-10-01,1410300,2764861,0.510079891900533,0.524829343537892
"natural_gas",2009-10-01,84300,594711,0.141749522036754,0.153047677417908
"oil_and_natural_gas",2009-10-01,12400,19199,0.645866972238137,0.644380359998116
"coal",2009-11-01,1480300,2959010,0.500268670940619,0.524713504217818
"natural_gas",2009-11-01,151900,937036,0.162106898774433,0.155307551996769
"oil_and_natural_gas",2009-11-01,189900,382463,0.496518617487182,0.63187797408368
"coal",2009-12-01,1304100,2670587,0.488319609134621,0.51973727553808
"natural_gas",2009-12-01,199100,1221458,0.163001920655479,0.15670633137709
"oil_and_natural_gas",2009-12-01,232300,520415,0.446374528020906,0.614746859975777
"bio_oil_and_diesel",2010-01-01,23239,112324.9,0.206890903085603,0.206890903085603
"coal",2010-01-01,4550989.5285,9600710.079,0.474026347119319,0.508182700837687
"natural_gas",2010-01-01,1051652.5883,3586950.683,0.293188471557249,0.181751164794366
"oil",2010-01-01,269420.7223,548127.138,0.49152961716703,0.49152961716703
"oil_and_natural_gas",2010-01-01,266000,556787,0.477741039212482,0.57189384982636
"bio_oil_and_diesel",2010-02-01,21743,106096.5,0.204936072349229,0.205913487717416
"coal",2010-02-01,3823124.0866,8295897.658,0.460845136259997,0.49402225699994
"natural_gas",2010-02-01,891633.5538,3026835.355,0.294576165937509,0.205810746501752
"oil",2010-02-01,192944.4364,417311.354,0.462351274535416,0.476940445851223
"oil_and_natural_gas",2010-02-01,182300,316897,0.575265780363967,0.547823893958183
"bio_oil_and_diesel",2010-03-01,23209,111928,0.207356514902437,0.20639449677909
"coal",2010-03-01,4206959.1302,8922005.184,0.471526192087897,0.484177641240498
"natural_gas",2010-03-01,987651.9246,3621706.556,0.272703464327826,0.221221073881542
"oil",2010-03-01,233877.3986,388382.346,0.602183392238946,0.518688094647131
"oil_and_natural_gas",2010-03-01,222300,402506,0.552289903752988,0.532342806845944
"bio_oil_and_diesel",2010-04-01,20540,97263.7,0.211178476656759,0.207590491748507
"coal",2010-04-01,3628991.526,7793134.598,0.465665192916254,0.476775191409784
"natural_gas",2010-04-01,877709.7164,3168739.062,0.276990215737745,0.243761189498374
"oil",2010-04-01,78416.645,238168.204,0.329249008402482,0.471328323085968
"oil_and_natural_gas",2010-04-01,152300,199693,0.762670699523769,0.551810094726882
"bio_oil_and_diesel",2010-05-01,23636,110292.1,0.214303653661504,0.208933124131106
"coal",2010-05-01,3740339.3746,7900901.967,0.473406630055963,0.472298184595675
"natural_gas",2010-05-01,651695.112,2402593.505,0.271246513671067,0.261951125314479
"oil",2010-05-01,75918.0626,200965.168,0.377767268604478,0.45261611218967
"oil_and_natural_gas",2010-05-01,109400,189862,0.576207982640023,0.565091655585689
"bio_oil_and_diesel",2010-06-01,24190,113800.7,0.212564597581561,0.209538369706182
"coal",2010-06-01,4006861.6382,8466356.814,0.473268694696902,0.469789698856055
"natural_gas",2010-06-01,684668.8703,2387215.607,0.286806465361719,0.282585216098853
"oil",2010-06-01,185183.6004,264312.136,0.700624659928593,0.493950870146157
"oil_and_natural_gas",2010-06-01,105600,155532,0.678959956793457,0.603855893714447
"bio_oil_and_diesel",2010-07-01,23706,109452.5,0.216587103994884,0.211154403191062
"coal",2010-07-01,4779992.5408,9535802.557,0.501267985806934,0.474329971970658
"natural_gas",2010-07-01,696363.1924,2443724.728,0.284959751980707,0.281213762836096
"oil",2010-07-01,221248.0139,340937.092,0.648940872353073,0.520186079343831
"oil_and_natural_gas",2010-07-01,138900,189444,0.733198201051498,0.646432087354284
"bio_oil_and_diesel",2010-08-01,26259,119718,0.219340450057635,0.21355513280913
"coal",2010-08-01,4819476.1044,9743592.528,0.494630300943964,0.479960832751319
"natural_gas",2010-08-01,718394.6177,2881061.608,0.249350661473255,0.27367617875872
"oil",2010-08-01,199433.0493,336358.798,0.592917594205459,0.541947132622172
"oil_and_natural_gas",2010-08-01,172500,233223,0.739635456194286,0.673827033326003
"bio_oil_and_diesel",2010-09-01,22932,98102,0.233756702207906,0.217955164026708
"coal",2010-09-01,4452144.2291,9150803.81,0.486530399027318,0.482461533907889
"natural_gas",2010-09-01,698242.4572,2645523.041,0.263933614025931,0.272214537041737
"oil",2010-09-01,134656.1607,218616.339,0.615947377565407,0.544241130176582
"oil_and_natural_gas",2010-09-01,138000,186502,0.739938445700314,0.705101790317225
"bio_oil_and_diesel",2010-10-01,14254,67453.9,0.211314690477497,0.217977866330165
"coal",2010-10-01,4488680.511,9079936.913,0.494351508607227,0.487242586523051
"natural_gas",2010-10-01,738330.0518,2657271.962,0.277852648264235,0.272358275796152
"oil",2010-10-01,73438.2559,118962.363,0.617323446239883,0.592253536482816
"oil_and_natural_gas",2010-10-01,52900,86847,0.609117183092104,0.679509537578614
"bio_oil_and_diesel",2010-11-01,25215,115135.9,0.219002066253879,0.21876093509556
"coal",2010-11-01,4071624.6237,8693029.666,0.468378089128679,0.486404496368504
"natural_gas",2010-11-01,1055992.3666,3661696.382,0.288388838515121,0.275215329936828
"oil",2010-11-01,8703.3831,12475.252,0.69765188711218,0.645567639567433
"oil_and_natural_gas",2010-11-01,88000,159238,0.552631909468845,0.675580192050084
"bio_oil_and_diesel",2010-12-01,25121,113177.5,0.221961078836341,0.22032701530469
"coal",2010-12-01,4240131.9973,9084906.48,0.466722690721633,0.485313495705959
"natural_gas",2010-12-01,1385823.6385,4740052.407,0.292364623744127,0.276141689667229
"oil",2010-12-01,319635.9241,442661.844,0.722076972371714,0.64914302497462
"oil_and_natural_gas",2010-12-01,277600,469585,0.591160279821545,0.660946912554765
"bio_oil_and_diesel",2011-01-01,25777,119814.5,0.215140905316135,0.220085982191565
"coal",2011-01-01,4227273.6336,9661630.548,0.437532113508011,0.474690850322805
"natural_gas",2011-01-01,1641794.3356,5297326.586,0.309928849759613,0.280303205963714
"oil",2011-01-01,488650.2851,821544.252,0.594794843869226,0.640118686893978
"oil_and_natural_gas",2011-01-01,274500,606971,0.452245659183058,0.614121488910025
"bio_oil_and_diesel",2011-02-01,20975,97014.6,0.216204571270716,0.219563335727079
"coal",2011-02-01,3736024.7244,8270466.699,0.451730822500226,0.467540937248849
"natural_gas",2011-02-01,1095736.6619,3571529.912,0.306797559840792,0.28987768902497
"oil",2011-02-01,173358.6614,360292.407,0.481161018194869,0.621492590892213
"oil_and_natural_gas",2011-02-01,116700,210557,0.554244218905095,0.583222949361827
"bio_oil_and_diesel",2011-03-01,29485,117877.6,0.250132340665232,0.2222926088033
"coal",2011-03-01,4101212.2942,8826774.621,0.464633172398296,0.463891399477345
"natural_gas",2011-03-01,1254732.3724,4388161.22,0.285935796224005,0.293544719391316
"oil",2011-03-01,279947.251,542130.697,0.516383323337251,0.604898581854187
"oil_and_natural_gas",2011-03-01,156100,273978,0.569753775850616,0.55485883772021
"bio_oil_and_diesel",2011-04-01,37869,104419.1,0.36266353569414,0.247517416339407
"coal",2011-04-01,3644445.6031,7962411.121,0.457706283651715,0.45778386198476
"natural_gas",2011-04-01,1090822.7749,3737255.537,0.291878027632982,0.29588228261944
"oil",2011-04-01,27927.2856,57202.948,0.488214096937801,0.583380356970507
"oil_and_natural_gas",2011-04-01,197200,258353,0.763296729668322,0.580555428816247
"bio_oil_and_diesel",2011-05-01,38781,106204.9,0.365152643616255,0.271875845899803
"coal",2011-05-01,3708408.7334,7932640.042,0.467487332560854,0.457635402556789
"natural_gas",2011-05-01,794473.641,2723416.597,0.291719468066383,0.296437387544651
"oil_and_natural_gas",2011-05-01,33800,64999,0.520008000123079,0.575118110591952
"bio_oil_and_diesel",2011-06-01,39205,109019.9,0.35961324492134,0.294817873580636
"coal",2011-06-01,4022763.7318,8276996.31,0.486017340244531,0.460851177477272
"natural_gas",2011-06-01,794537.1684,3108996.282,0.255560668566924,0.290303395015117
"oil",2011-06-01,234927.1893,300922.093,0.780691065112325,0.597220219970531
"oil_and_natural_gas",2011-06-01,142200,257417,0.552411068422054,0.568659908692037
"bio_oil_and_diesel",2011-07-01,40593,112658.3,0.360319656873928,0.319014332173602
"coal",2011-07-01,4691780.1544,9607051.394,0.488368382970264,0.469323889054314
"natural_gas",2011-07-01,855176.6782,2823736.368,0.302852875321964,0.289124065942175
"oil",2011-07-01,76450.5567,102508.34,0.745798407232036,0.601173792447251
"oil_and_natural_gas",2011-07-01,41500,65888,0.629856726566294,0.59826175325591
"bio_oil_and_diesel",2011-08-01,41011,116750.6,0.35127014336543,0.341525260856054
"coal",2011-08-01,4555442.7397,9557836.752,0.476618596644974,0.473471851411773
"natural_gas",2011-08-01,845544.2991,2746197.243,0.307896419769292,0.289307209263592
"oil",2011-08-01,36509.1845,46040.284,0.792983477252226,0.634205231344418
"oil_and_natural_gas",2011-08-01,47600,87788,0.542215336948102,0.596256939596411
"bio_oil_and_diesel",2011-09-01,38514,105784.9,0.364078427072295,0.360516275257231
"coal",2011-09-01,4242524.364,8819140.194,0.481058728025024,0.476209444016227
"natural_gas",2011-09-01,828386.8424,3043799.309,0.272155539279676,0.28701049977287
"oil",2011-09-01,160738.4205,273110.171,0.588547910579281,0.65210304674182
"oil_and_natural_gas",2011-09-01,117600,195527,0.601451461946432,0.601539887279047
"bio_oil_and_diesel",2011-10-01,23050,67976.1,0.339089768315629,0.356587314027479
"coal",2011-10-01,4653195.7149,9609025.425,0.484252617626933,0.480633833012097
"natural_gas",2011-10-01,692294.9971,2420007.203,0.286071461374902,0.286042738729857
"oil",2011-10-01,32117.5582,84896.248,0.378315402112941,0.629091726537768
"oil_and_natural_gas",2011-10-01,55800,84842,0.657693123688739,0.58393928628245
"bio_oil_and_diesel",2011-11-01,36716,107309.5,0.342150508575662,0.352753624854047
"coal",2011-11-01,4358962.3283,9031969.142,0.482614838444274,0.483155083992667
"natural_gas",2011-11-01,904544.4514,3191917.992,0.283385868204348,0.284653805419518
"oil",2011-11-01,74481.9406,103238.337,0.72145622221714,0.667965414084325
"oil_and_natural_gas",2011-11-01,101700,187186,0.543309862917098,0.587822930081453
"bio_oil_and_diesel",2011-12-01,39712,115584.6,0.343575182160945,0.350080614393981
"coal",2011-12-01,4567520.3488,9678002.772,0.471948650605326,0.480810302386132
"natural_gas",2011-12-01,1360716.4011,4444938.947,0.30612712960172,0.293081548925317
"oil",2011-12-01,221142.8789,325193.508,0.680034728430064,0.651189357970615
"oil_and_natural_gas",2011-12-01,152900,315707,0.484309818914373,0.576472721830173
"bio_oil_and_diesel",2012-01-01,42677,124290.4,0.343365215656237,0.347254874191033
"coal",2012-01-01,4490719.2542,9606218.774,0.467480426986994,0.477328976388921
"natural_gas",2012-01-01,1290440.335,4107000.968,0.31420502333809,0.294973573594671
"oil",2012-01-01,231218.9369,371447.121,0.622481434981966,0.63063652926227
"oil_and_natural_gas",2012-01-01,141700,314612,0.450396043380418,0.54656260796586
"bio_oil_and_diesel",2012-02-01,37402,109871.2,0.340416778919316,0.345445980116681
"coal",2012-02-01,4272300.7968,9079032.453,0.470567851686475,0.476320518895838
"natural_gas",2012-02-01,1350572.412,4392169.995,0.307495477984112,0.294906749963808
"oil",2012-02-01,295653.5245,465464.396,0.635179676556829,0.604335895813037
"oil_and_natural_gas",2012-02-01,143300,315088,0.454793581475651,0.531992315387119
"bio_oil_and_diesel",2012-03-01,40643,114751.5,0.354182733994763,0.343796697937092
"coal",2012-03-01,4459446.6731,9283275.27,0.480374279917265,0.476206444211211
"natural_gas",2012-03-01,1322534.1271,4174276.376,0.316829555106583,0.302352419268293
"oil",2012-03-01,351323.3206,526119.54,0.66776330071299,0.617538460835322
"oil_and_natural_gas",2012-03-01,142400,317643,0.448302024599944,0.506467409162704
"bio_oil_and_diesel",2012-04-01,35910,103279.5,0.347697268092894,0.345231281233303
"coal",2012-04-01,3578227.9569,7559439.272,0.473345684534259,0.474388622029099
"natural_gas",2012-04-01,1156873.2368,3863605.034,0.299428442250032,0.304578582747481
"oil",2012-04-01,297738.3785,558424.725,0.533175493796411,0.6433484761159
"oil_and_natural_gas",2012-04-01,210700,425772,0.494865796717492,0.479329521334163
"bio_oil_and_diesel",2012-05-01,39853,114456.1,0.348194635323063,0.346238635691203
"coal",2012-05-01,3782755.8973,8093215.806,0.467398372658691,0.471852544398168
"natural_gas",2012-05-01,992240.7238,3533317.863,0.280824075917565,0.30415161736635
"oil",2012-05-01,349784.6853,570036.769,0.613617759979971,0.625375399076372
"oil_and_natural_gas",2012-05-01,164100,401554,0.408662346782749,0.456888268645105
"bio_oil_and_diesel",2012-06-01,37119,102371.6,0.362590796666263,0.349407904775423
"coal",2012-06-01,4025548.776,8634073.352,0.466239816582925,0.470901072061102
"natural_gas",2012-06-01,959120.0022,3246557.734,0.295426750664401,0.302368220876797
"oil",2012-06-01,445464.5362,634889.038,0.70164156181257,0.628976537973456
"oil_and_natural_gas",2012-06-01,110500,247308,0.446811263687386,0.450638509440607
"bio_oil_and_diesel",2012-07-01,43293,118762.5,0.364534259551626,0.352936078757987
"coal",2012-07-01,4526947.5926,9359355.259,0.483681564309343,0.473601261614826
"natural_gas",2012-07-01,956829.1301,3465653.289,0.276089109414661,0.296015568556226
"oil",2012-07-01,492534.558,681315.959,0.722916513981144,0.645715717806652
"oil_and_natural_gas",2012-07-01,158600,356358,0.445058059591759,0.44974884547583
"bio_oil_and_diesel",2012-08-01,45227,117896.7,0.383615487117112,0.36013586345762
"coal",2012-08-01,4745864.0546,9602901.668,0.494211460106352,0.477541863018139
"natural_gas",2012-08-01,814195.9016,3158147.888,0.257808035112509,0.287734328077625
"oil",2012-08-01,464762.6565,659252.6,0.704984184362716,0.657349802440967
"oil_and_natural_gas",2012-08-01,105700,231672,0.456248489243413,0.44999133010379
"bio_oil_and_diesel",2012-09-01,28734,96070.6,0.299092542359473,0.350954164851738
"coal",2012-09-01,4249920.097,8596426.137,0.494382203635515,0.479876516971181
"natural_gas",2012-09-01,714314.7623,2546676.787,0.280488975258406,0.281677564769595
"oil",2012-09-01,129494.9945,211027.146,0.613641405641718,0.648329486595755
"oil_and_natural_gas",2012-09-01,34700,69457,0.499589674186907,0.458539271701618
"bio_oil_and_diesel",2012-10-01,20436,74755.4,0.273371555767209,0.338566546130791
"coal",2012-10-01,4110212.2764,8299161.71,0.495256318652935,0.483528289324294
"natural_gas",2012-10-01,892850.9103,2819386.446,0.316682699374799,0.28455327429039
"oil",2012-10-01,341715.1542,397856.265,0.858890972095161,0.702615399645547
"oil_and_natural_gas",2012-10-01,110400,246625,0.447643182970096,0.450668836077052
"bio_oil_and_diesel",2012-11-01,32534,119564.9,0.272103267765038,0.325884651537787
"coal",2012-11-01,4566697.9958,8801796.362,0.518837042801377,0.492101401014741
"natural_gas",2012-11-01,1364431.3305,4165598.727,0.327547471545019,0.292340506894966
"oil",2012-11-01,473172.1603,634001.414,0.746326664028544,0.724733550320309
"oil_and_natural_gas",2012-11-01,130900,315079,0.415451362991504,0.451800338778511
"bio_oil_and_diesel",2012-12-01,30674,114402.2,0.268124214394478,0.310140221159156
"coal",2012-12-01,5115975.5322,9678050.202,0.528616345794814,0.502497489216723
"natural_gas",2012-12-01,1571799.4885,4975764.31,0.31589106528641,0.295751225998634
"oil",2012-12-01,451504.6077,658334.868,0.685828185087107,0.722097987532732
"oil_and_natural_gas",2012-12-01,163700,363421,0.450441774140735,0.452405423854069
"bio_oil_and_diesel",2013-01-01,30422,114621.7,0.265412221246064,0.293619881441562
"coal",2013-01-01,4921233.7353,9674152.326,0.508699219266356,0.506667098376225
"natural_gas",2013-01-01,1472113.3375,4643486.093,0.317027618478107,0.302574310842542
"oil",2013-01-01,447829.2225,619352.016,0.72306089417815,0.7221220508989
"oil_and_natural_gas",2013-01-01,136500,263015,0.518981807121267,0.46472604844232
"bio_oil_and_diesel",2013-02-01,25858,97498.1,0.265215424710841,0.273886537707184
"coal",2013-02-01,4481327.7259,8570823.133,0.522858499861661,0.51144160500211
"natural_gas",2013-02-01,1225985.6761,3897331.394,0.314570548962663,0.312034729817567
"oil",2013-02-01,271881.7525,489384.528,0.555558537191842,0.69721777637042
"oil_and_natural_gas",2013-02-01,131900,249324,0.529030498467857,0.476856383313061
"bio_oil_and_diesel",2013-03-01,29713,111255.1,0.267070902817039,0.268549597783445
"coal",2013-03-01,5033525.5232,9568213.719,0.526067421885103,0.516722474710374
"natural_gas",2013-03-01,1128287.1844,3797195.286,0.297136991758079,0.31480939923418
"oil",2013-03-01,249933.8455,497828.467,0.502048119116499,0.678618895282884
"oil_and_natural_gas",2013-03-01,107800,193741,0.556412943052839,0.48632692812405
"bio_oil_and_diesel",2013-04-01,30594,112048.1,0.273043451874686,0.268494913801358
"coal",2013-04-01,4283029.8788,7889353.61,0.54288729983799,0.52466097157455
"natural_gas",2013-04-01,873878.3133,3631239.856,0.240655629469385,0.302138220916611
"oil",2013-04-01,454901.6232,663971.441,0.685122273504531,0.649657445517779
"oil_and_natural_gas",2013-04-01,210000,422179,0.49741934108518,0.494622954476563
"bio_oil_and_diesel",2013-05-01,32193,113985.6,0.282430412262602,0.270216104550952
"coal",2013-05-01,4505714.4665,8246282.949,0.54639338649499,0.529253695523485
"natural_gas",2013-05-01,1015377.6023,3690869.264,0.275105274576856,0.29339785475525
"oil",2013-05-01,320083.2504,396781.072,0.806699898224984,0.659719651217186
"oil_and_natural_gas",2013-05-01,163600,317668,0.515003084981805,0.511214908141614
"bio_oil_and_diesel",2013-06-01,30729,106508.8,0.288511371830309,0.27361396412359
"coal",2013-06-01,4887481.3408,9128146.414,0.535429770638208,0.530389266330718
"natural_gas",2013-06-01,989439.2259,3747220.801,0.264046150052314,0.284757035549568
"oil",2013-06-01,432072.314,622673.312,0.693898880316875,0.661064767088814
"oil_and_natural_gas",2013-06-01,171600,312081,0.549857248598921,0.527784153884645
"bio_oil_and_diesel",2013-07-01,35127,119836.5,0.293124381970435,0.278232657577652
"coal",2013-07-01,5306044.2429,9662293.187,0.549149579733199,0.537130993075192
"natural_gas",2013-07-01,1067263.5667,3995209.369,0.26713582897087,0.276441737298361
"oil",2013-07-01,504660.168,714672.419,0.706141939416302,0.658244941295172
"oil_and_natural_gas",2013-07-01,219800,408852,0.537602848952677,0.530887660856546
"bio_oil_and_diesel",2013-08-01,35529,123130.6,0.2885472823165,0.282121300511928
"coal",2013-08-01,5288712.1684,9424518.099,0.561165262016014,0.54351545343425
"natural_gas",2013-08-01,1027088.4354,3825835.331,0.268461223899968,0.268756849787912
"oil",2013-08-01,502048.6564,710850.623,0.706264635854444,0.683362624405606
"oil_and_natural_gas",2013-08-01,206900,412802,0.50120881197281,0.526250713107372
"bio_oil_and_diesel",2013-09-01,25776,88536.8,0.291133178520118,0.286131679795775
"coal",2013-09-01,4710523.1024,8505864.678,0.553797089505025,0.548137064704238
"natural_gas",2013-09-01,878380.7247,3030596.466,0.289837573083212,0.267540280008768
"oil",2013-09-01,234807.3094,312589.299,0.751168738505025,0.724882727637027
"oil_and_natural_gas",2013-09-01,87200,165934,0.525510142586812,0.521100246363034
"bio_oil_and_diesel",2013-10-01,26745,91178,0.29332733773498,0.289512327439157
"coal",2013-10-01,4559481.4132,8219376.047,0.554723544357624,0.550109772124177
"natural_gas",2013-10-01,1086121.3504,3736697.786,0.290663417970082,0.275874911425551
"oil",2013-10-01,458879.0337,671713.788,0.683146664394508,0.724553459452023
"oil_and_natural_gas",2013-10-01,159300,307961,0.517273291098548,0.524409238031929
"bio_oil_and_diesel",2013-11-01,31442,115408.3,0.272441410193201,0.287847493760924
"coal",2013-11-01,4614910.4768,8352379.538,0.552526433431814,0.551131946613647
"natural_gas",2013-11-01,1381290.3491,4512102.151,0.3061301147169,0.281045718115558
"oil",2013-11-01,423074.1908,610821.028,0.692632000874731,0.705542143226981
"oil_and_natural_gas",2013-11-01,162700,312867,0.520029277616367,0.525246936804356
"bio_oil_and_diesel",2013-12-01,31587,118073.9,0.267518901298255,0.284348748672248
"coal",2013-12-01,4979297.7535,9577517.84,0.519894385652222,0.54854271578265
"natural_gas",2013-12-01,1506624.6183,4854689.426,0.310344181901946,0.288762056757163
"oil",2013-12-01,356839.4967,525170.204,0.679473995253546,0.703137995716426
"oil_and_natural_gas",2013-12-01,168100,310633,0.541153064870764,0.52379623951633
"bio_oil_and_diesel",2014-01-01,33413,125121.9,0.26704357910166,0.280001948194119
"coal",2014-01-01,4887558.779,9427194.2,0.518453176555968,0.543426648586445
"natural_gas",2014-01-01,1276085.918,4104682.05,0.310885447997123,0.296053659928205
"oil",2014-01-01,177337.5231,272261.203,0.651350692445152,0.694006121221234
"oil_and_natural_gas",2014-01-01,130600,238491,0.547609763051855,0.525464058532859
"bio_oil_and_diesel",2014-02-01,30701,112852.7,0.272044886830355,0.277251548946428
"coal",2014-02-01,4472555.2837,8121870.897,0.550680420856239,0.541679175059816
"natural_gas",2014-02-01,1021211.4998,3593249.502,0.284202780583868,0.298677252708855
"oil",2014-02-01,288669.8637,354652.026,0.813952388643622,0.711954080019431
"oil_and_natural_gas",2014-02-01,136800,265716,0.514835388158786,0.527735154563855
"bio_oil_and_diesel",2014-03-01,31941,114371.9,0.279273143140929,0.27527487638323
"coal",2014-03-01,4840613.5606,8661726.497,0.558850889863187,0.542521475119509
"natural_gas",2014-03-01,1063334.9894,3883209.384,0.273828909092892,0.296009142043802
"oil",2014-03-01,343130.8984,485527.294,0.706718041684388,0.704545630549325
"oil_and_natural_gas",2014-03-01,141700,338582,0.41851013934586,0.509901820690363
"bio_oil_and_diesel",2014-04-01,34038,118128.7,0.288143355509711,0.274410879345685
"coal",2014-04-01,4269808.3544,7692476.954,0.555062872457453,0.542578029802814
"natural_gas",2014-04-01,823571.8294,3055200.748,0.269563900159139,0.292492555741978
"oil",2014-04-01,97637.1178,157427.066,0.620205408643009,0.694055421257408
"oil_and_natural_gas",2014-04-01,97200,182621,0.532249850783864,0.512397913971249
"bio_oil_and_diesel",2014-05-01,33976,114091.8,0.297795284148379,0.278636525004881
"coal",2014-05-01,4475450.1699,8131978.621,0.550351935055831,0.542215613406817
"natural_gas",2014-05-01,763446.0035,2829534.352,0.269813300891849,0.286439753437803
"oil",2014-05-01,128553.6867,209408.48,0.613889593678346,0.680931686724677
"oil_and_natural_gas",2014-05-01,87400,191078,0.45740482944138,0.501960505942085
"bio_oil_and_diesel",2014-06-01,32747,107880.7,0.30354827137755,0.284641420018097
"coal",2014-06-01,4827042.1605,8558571.303,0.564000928380184,0.549566703861477
"natural_gas",2014-06-01,616244.7294,2604648.874,0.236594166511828,0.274148084206117
"oil",2014-06-01,169492.8587,291729.959,0.580992296029493,0.664518070187335
"oil_and_natural_gas",2014-06-01,62200,136268,0.456453459359497,0.48784390502354
"bio_oil_and_diesel",2014-07-01,34836,117825.7,0.295657059537945,0.289410333424145
"coal",2014-07-01,5294538.8104,9462742.184,0.559514219815925,0.55641021107147
"natural_gas",2014-07-01,629217.7544,2881321.889,0.218378153722484,0.25873020182701
"oil",2014-07-01,248470.6331,390901.933,0.635634188843983,0.661898652920474
"oil_and_natural_gas",2014-07-01,131200,285010,0.460334725097365,0.473298065364459
"bio_oil_and_diesel",2014-08-01,32164,113319.1,0.283835646417947,0.291375460022077
"coal",2014-08-01,5022723.0859,9213244.426,0.545163338088128,0.555490697276785
"natural_gas",2014-08-01,361494.8051,1860418.115,0.194308366589948,0.24374779949469
"oil",2014-08-01,42063.9323,53557.788,0.785393382938071,0.657138818636215
"oil_and_natural_gas",2014-08-01,4500,7894,0.570053204965797,0.482501034832294
"bio_oil_and_diesel",2014-09-01,23509,86230.5,0.272629753973362,0.290268228494149
"coal",2014-09-01,4098401.571,7336313.259,0.558645933769552,0.555456537927846
"natural_gas",2014-09-01,452933.8862,2624820.638,0.172558032972918,0.226869320141361
"oil",2014-09-01,187185.2829,221285.586,0.845899121960885,0.680335665348965
"oil_and_natural_gas",2014-09-01,18200,29701,0.612773980674051,0.514878341720326
"bio_oil_and_diesel",2014-10-01,20901,79283.2,0.263624576202777,0.286181765276326
"coal",2014-10-01,4075300.1148,7577020.939,0.537849921177313,0.552587712714489
"natural_gas",2014-10-01,410784.4907,2428126.927,0.169177519565475,0.210138256709084
"oil",2014-10-01,29504.2138,31231.544,0.944692769592179,0.734416892173826
"oil_and_natural_gas",2014-10-01,7000,10619,0.659195781147001,0.536035996780849
"bio_oil_and_diesel",2014-11-01,30817,114770.5,0.268509765139997,0.281300845441596
"coal",2014-11-01,4041943.2642,7888275.417,0.512398851527068,0.546262198793028
"natural_gas",2014-11-01,470079.9439,2387756.925,0.196870937312851,0.197981196112584
"oil",2014-11-01,46772.1101,49039.568,0.95376268608239,0.7910624075745
"oil_and_natural_gas",2014-11-01,16300,29256,0.557150669948045,0.552660303531959
"bio_oil_and_diesel",2014-12-01,30179,116646.8,0.25872119938138,0.273829666775568
"coal",2014-12-01,4874804.1279,9503088.299,0.512970518059163,0.537757130406191
"natural_gas",2014-12-01,778896.3023,3204728.232,0.243045976417759,0.199056497763573
"oil",2014-12-01,134112.6278,173995.03,0.770784244814349,0.822694399038643
"oil_and_natural_gas",2014-12-01,64800,115299,0.562017016626337,0.570254229743099
"bio_oil_and_diesel",2015-01-01,29976,116133,0.258117847640206,0.267573131459278
"coal",2015-01-01,4709409.8376,9582119.863,0.491478911235991,0.526417912309536
"natural_gas",2015-01-01,598582.8681,2505545.353,0.238903226151261,0.202477343168369
"oil",2015-01-01,37842.0396,57338.52,0.659975869624818,0.826751345835449
"oil_and_natural_gas",2015-01-01,124200,272746,0.455368731347114,0.569426564118057
"bio_oil_and_diesel",2015-02-01,26731,102308.9,0.261277366876196,0.26381341820232
"coal",2015-02-01,4167538.3638,8188412.522,0.508955594579899,0.520383288391498
"natural_gas",2015-02-01,490025.3884,2273913.886,0.215498656926712,0.206009058224496
"oil",2015-02-01,32808.2608,52383.007,0.626314957444119,0.80023827491979
"oil_and_natural_gas",2015-02-01,151400,341255,0.443656503201418,0.548360447157328
"bio_oil_and_diesel",2015-03-01,31451,116434.8,0.270116837921309,0.263394598860311
"coal",2015-03-01,4555441.2821,8584229.808,0.530675597460659,0.515721565673349
"natural_gas",2015-03-01,440493.2679,2124125.49,0.207376292019357,0.211812101398903
"oil",2015-03-01,329574.6655,688895.896,0.478409970815097,0.738990083062159
"oil_and_natural_gas",2015-03-01,198700,469142,0.423539141667129,0.51682130732284
"bio_oil_and_diesel",2015-04-01,29041,105820.2,0.274437205750887,0.265196703784996
"coal",2015-04-01,4438102.1595,8274595.89,0.536352737764938,0.51547203510462
"natural_gas",2015-04-01,290042.8756,1607145.466,0.180470829639263,0.213694319744534
"oil",2015-04-01,124395.4818,227060.738,0.547851129595113,0.672849809729314
"oil_and_natural_gas",2015-04-01,171700,316677,0.542192833707532,0.497320816082929
"bio_oil_and_diesel",2015-05-01,29053,94303.6,0.308079437052244,0.271791649103704
"coal",2015-05-01,4558589.575,8469354.421,0.538245224889497,0.519779763998358
"natural_gas",2015-05-01,344693.3823,1750220.366,0.196942847310006,0.21370630474406
"oil",2015-05-01,94020.4267,182450.978,0.515318841974089,0.599775835711264
"oil_and_natural_gas",2015-05-01,24700,51607,0.478617241847036,0.484231911399428
"bio_oil_and_diesel",2015-06-01,19218,74707.1,0.257244626012789,0.271545553542272
"coal",2015-06-01,4863192.7426,8866948.593,0.548462945464603,0.525695168565931
"natural_gas",2015-06-01,376302.7893,1820052.189,0.206753845617336,0.207657616277322
"oil",2015-06-01,54625.5524,91594.412,0.596385207429466,0.57070932948045
"bio_oil_and_diesel",2015-07-01,26817,120509.8,0.22252961999771,0.265614182268522
"coal",2015-07-01,4833486.4313,8977551.714,0.538396946660017,0.533514841136602
"natural_gas",2015-07-01,291204.0177,1579947.517,0.184312462639859,0.198559155692089
"oil",2015-07-01,22741.7928,31711.261,0.717151954316796,0.580238676929113
"bio_oil_and_diesel",2015-08-01,28733,119048.5,0.241355413969937,0.262293856784146
"coal",2015-08-01,4924343.8327,9176198.579,0.536643119730376,0.538129428661682
"natural_gas",2015-08-01,473543.6435,2445415.202,0.193645497546882,0.194916962462117
"oil",2015-08-01,98564.5878,177132.511,0.556445495203306,0.568593766555645
"oil_and_natural_gas",2015-08-01,12000,21744,0.551876379690949,0.48254180524353
"bio_oil_and_diesel",2015-09-01,29261,116414.7,0.251351418678225,0.259166286910299
"coal",2015-09-01,4293413.515,8087416.479,0.530875777963011,0.53816279207874
"natural_gas",2015-09-01,391527.1576,1826352.781,0.214376522254164,0.196083667501252
"oil",2015-09-01,82988.9464,163279.311,0.508263697903527,0.57356938773705
"oil_and_natural_gas",2015-09-01,14300,30731,0.465328170251538,0.4842017117276
"bio_oil_and_diesel",2015-10-01,33864,80958.9,0.418286315649052,0.283141138559993
"coal",2015-10-01,3998916.7917,6800512.328431,0.588031695050632,0.546775951626356
"natural_gas",2015-10-01,370867.8072,1155432.502,0.320977475151552,0.2195014417533
"oil",2015-10-01,141367.7752,184639.21,0.76564330620782,0.609868083839167
"oil_and_natural_gas",2015-10-01,49100,130343,0.376698403443223,0.473042028434568
"bio_oil_and_diesel",2015-11-01,29017,70299.6,0.412761950281367,0.30058822409818
"coal",2015-11-01,3800350.9375,6544610.564352,0.580684045312066,0.553849088363451
"natural_gas",2015-11-01,209712.6993,743909.584,0.281906166838684,0.233661995008079
"oil",2015-11-01,336275.539,630150.894,0.533642881731752,0.612922090465445
"oil_and_natural_gas",2015-11-01,239000,612173,0.390412514109574,0.467520923841642
"bio_oil_and_diesel",2015-12-01,32116,126184.3,0.25451660785058,0.300133554404478
"coal",2015-12-01,4524362.9608,8972598.770767,0.504242201884755,0.546478964433476
"natural_gas",2015-12-01,375388.5213,1433913.412,0.26179301913106,0.2428351905937
"oil",2015-12-01,419946.1576,622387.598,0.674734135046181,0.62598024506823
"oil_and_natural_gas",2015-12-01,209600,581183,0.360643721512845,0.437262738475861
"bio_oil_and_diesel",2016-01-01,30924,119407.8,0.258978056709863,0.306208293856504
"coal",2016-01-01,4348095.1554,9062589.874858,0.47978505211438,0.536710315342537
"natural_gas",2016-01-01,480330.6642,1769428.336625,0.271460931340221,0.257359935377094
"oil",2016-01-01,453546.6925,727832.841,0.623146781720997,0.610312716302264
"oil_and_natural_gas",2016-01-01,201400,547556,0.367816259889399,0.418795908149588
"bio_oil_and_diesel",2016-02-01,31911,124122.2,0.25709341278192,0.308831293658501
"coal",2016-02-01,3899022.0284,8318973.542547,0.468690278729537,0.525384841842397
"natural_gas",2016-02-01,355455.2609,1311635.645015,0.27100152565306,0.270252606728123
"oil",2016-02-01,424975.621,660733.634,0.64318751026378,0.624769718812343
"oil_and_natural_gas",2016-02-01,162300,475689,0.341189306458632,0.383681395944202
"bio_oil_and_diesel",2016-03-01,31095,113763.4,0.273330438436263,0.312494463618174
"coal",2016-03-01,3864963.2306,8338779.684248,0.463492666427072,0.514154323253074
"natural_gas",2016-03-01,337808.3699,1490345.978526,0.226664395225935,0.272300585556752
"oil",2016-03-01,499113.2691,686424.032,0.727120913359863,0.661245921388399
"oil_and_natural_gas",2016-03-01,184400,570453,0.323251871758059,0.360002012861955
"bio_oil_and_diesel",2016-04-01,29837,123187.8,0.242207426384756,0.283147982074125
"coal",2016-04-01,3291174.5437,6973576.004027,0.471949332996365,0.494807262910696
"natural_gas",2016-04-01,206406.3359,1004414.374073,0.205499185622963,0.253054203968654
"oil",2016-04-01,260488.2894,447807.074,0.58169757586277,0.630588299664224
"oil_and_natural_gas",2016-04-01,124900,411914,0.303218633015629,0.347755384457356
"bio_oil_and_diesel",2016-05-01,27876,118572.3,0.235097067358903,0.253537168253714
"coal",2016-05-01,3461280.8001,7313323.649752,0.473284236534147,0.476907294781043
"natural_gas",2016-05-01,321051.7816,1354418.887543,0.237040242537084,0.245576549918387
"oil",2016-05-01,309625.6065,450060.218,0.687964841407067,0.656308626276776
"oil_and_natural_gas",2016-05-01,118100,257662,0.458352415179576,0.359078701302357
"bio_oil_and_diesel",2016-06-01,21772,105873.1,0.205642415306626,0.245391469496388
"coal",2016-06-01,3347407.4828,7653141.291871,0.437390001718058,0.465765261419927
"natural_gas",2016-06-01,356960.2929,1662991.061666,0.214649555928697,0.237719306051327
"oil",2016-06-01,179927.3151,257656.733,0.698321805935496,0.660239904758329
"oil_and_natural_gas",2016-06-01,96600,243206,0.397194148170687,0.365170439078664
"bio_oil_and_diesel",2016-07-01,31635,127836.9,0.247463760463528,0.243472420121999
"coal",2016-07-01,3689821.2293,8385877.579493,0.440004184931481,0.459135116889444
"natural_gas",2016-07-01,524001.9286,2410754.254053,0.217360159260961,0.228702510704783
"oil",2016-07-01,435747.5828,436706.454,0.997804311818116,0.722682826441182
"oil_and_natural_gas",2016-07-01,137800,390734,0.352669591077306,0.362645994276648
"bio_oil_and_diesel",2016-08-01,30786,122385.6,0.251549201866886,0.242548384969494
"coal",2016-08-01,3711571.323,8538305.642556,0.434696470046827,0.453469482108992
"natural_gas",2016-08-01,542388.1397,2390612.776675,0.226882473394284,0.221349335328321
"oil",2016-08-01,322835.469,399288.211,0.808527424817959,0.750239478866879
"oil_and_natural_gas",2016-08-01,67200,155455,0.432279437779422,0.377827682830113
"bio_oil_and_diesel",2016-09-01,25769,100339.8,0.256817334696701,0.2397962010129
"coal",2016-09-01,2755293.5568,6817010.688559,0.404179145769012,0.443583895332649
"natural_gas",2016-09-01,388847.4063,2058946.336405,0.188857475022366,0.215048181961059
"oil",2016-09-01,232892.9448,237459.402,0.980769524552243,0.792514247398942
"oil_and_natural_gas",2016-09-01,49500,75751,0.6534567200433,0.432861824210987
"bio_oil_and_diesel",2016-10-01,13026,44588.8,0.292136141811397,0.248117653584007
"coal",2016-10-01,2961359.7929,7193405.337706,0.411677036657076,0.433538512609434
"natural_gas",2016-10-01,471163.2185,2514888.732354,0.187349528604782,0.212023239124696
"oil",2016-10-01,513708.4957,617894.872,0.831384947470482,0.834128809333561
"oil_and_natural_gas",2016-10-01,71000,127284,0.557807737029006,0.475293341546549
"bio_oil_and_diesel",2016-11-01,29315,116826.5,0.250927657680406,0.250756085304257
"coal",2016-11-01,2897934.1649,7662658.220352,0.378189145537393,0.417689330776641
"natural_gas",2016-11-01,471112.7973,2456491.747508,0.191782772231139,0.204480327407038
"oil",2016-11-01,301368.3879,387443.222,0.777838843958406,0.849107809758784
"oil_and_natural_gas",2016-11-01,82200,164037,0.501106457689424,0.482419015298191
"bio_oil_and_diesel",2016-12-01,31653,117884.6,0.268508354780862,0.261233741883297
"coal",2016-12-01,3173806.8781,8892654.679333,0.356902071714996,0.404274675776131
"natural_gas",2016-12-01,395417.8243,1674455.994121,0.236147038613322,0.208063241187809
"oil",2016-12-01,334443.1304,420505.556,0.795335818107478,0.865276811787447
"oil_and_natural_gas",2016-12-01,189500,518192,0.365694568808473,0.477169085404488
"bio_oil_and_diesel",2017-01-01,31988,116146.9,0.275409847357097,0.265891423032225
"coal",2017-01-01,3036701.145,8975200.440264,0.338343546220643,0.387331235990991
"natural_gas",2017-01-01,418534.094,1535548.499099,0.272563252965035,0.217263756805155
"oil",2017-01-01,314131.878,484475.844,0.64839533671363,0.807041982603366
"oil_and_natural_gas",2017-01-01,104700,225636,0.464021698665107,0.495727770002455
"bio_oil_and_diesel",2017-02-01,27285,99306.8,0.274754598879432,0.269758989200982
"coal",2017-02-01,2819809.347,8171853.046655,0.34506363867547,0.372392430762432
"natural_gas",2017-02-01,331313.771,1249744.667132,0.265105168850467,0.223634206047852
"oil",2017-02-01,255372.709,417681.588,0.611405233883568,0.774188284114301
"oil_and_natural_gas",2017-02-01,97300,235395,0.413347777140551,0.49257249322931
"bio_oil_and_diesel",2017-03-01,27564,92456,0.298131002855412,0.276644600560768
"coal",2017-03-01,2746256.069,7892060.1013,0.347977085038624,0.3630254206407
"natural_gas",2017-03-01,265818.664,1071460.026011,0.248090136399798,0.233506316277424
"oil",2017-03-01,2486.865,1708.631,1.45547224649442,0.853305404437996
"bio_oil_and_diesel",2017-04-01,27752,105718.7,0.262507957437993,0.271706569831867
"coal",2017-04-01,2440039.503,7399457.327793,0.329759250564903,0.349372456292005
"natural_gas",2017-04-01,165598.207,761164.910016,0.217558908484784,0.238541212924091
"oil",2017-04-01,41301.308,53219.263,0.776059375343097,0.844084475750099
"bio_oil_and_diesel",2017-05-01,14698,53816.1,0.273115294493655,0.275404509300742
"coal",2017-05-01,2571454.303,7499672.687293,0.342875537402708,0.343486854936224
"natural_gas",2017-05-01,232254.384,789519.424536,0.294171842746612,0.255606058010003
"oil",2017-05-01,22523.852,32822.799,0.686225815171948,0.828815637619023
"bio_oil_and_diesel",2017-06-01,31002,112374.8,0.275880357517878,0.276633176423578
"coal",2017-06-01,2512091.605,8193854.172486,0.306582415566451,0.335100245578133
"natural_gas",2017-06-01,339833.92,1266360.301537,0.268354843078655,0.260974025420892
"oil",2017-06-01,31888.874,53217.746,0.59921504379385,0.796128841900085
"oil_and_natural_gas",2017-06-01,14700,25338,0.580156286999763,0.48035575438872
"bio_oil_and_diesel",2017-07-01,28975,125527.8,0.230825362987322,0.269202429028616
"coal",2017-07-01,2777959.486,9205205.553286,0.301781363807606,0.329006548509294
"natural_gas",2017-07-01,436530.762,1990054.881256,0.219356142441905,0.252106173667037
"oil",2017-07-01,156724.444,248344.926,0.631075683825326,0.793242233085367
"oil_and_natural_gas",2017-07-01,44100,82445,0.534902055916065,0.476538140869897
"bio_oil_and_diesel",2017-08-01,29432,124693.6,0.236034567932917,0.26274909053753
"coal",2017-08-01,2806205.064,9729106.726289,0.288433989157233,0.319568273589587
"natural_gas",2017-08-01,354513.361,1573870.540463,0.225249378449964,0.24546354193362
"oil",2017-08-01,50175.509,79833.152,0.628504671843597,0.796092139412039
"oil_and_natural_gas",2017-08-01,22800,40907,0.557361820715281,0.48591403470754
"bio_oil_and_diesel",2017-09-01,32257,103338.9,0.312147700430332,0.265085206800016
"coal",2017-09-01,2286201.507,8593068.058546,0.266051832875491,0.305914064895732
"natural_gas",2017-09-01,208917.72,913027.871752,0.228818556873965,0.242251612012648
"oil",2017-09-01,27911.555,69678.345,0.40057718075824,0.620276295122676
"bio_oil_and_diesel",2017-10-01,30252,95651.4,0.316273468030787,0.274046125232148
"coal",2017-10-01,2025972.371,8487946.732642,0.238688158021626,0.290735549471853
"natural_gas",2017-10-01,208467.551,947439.887504,0.220032483062541,0.242663874442274
"bio_oil_and_diesel",2017-11-01,30493,98268.8,0.310301947311863,0.28024390070185
"coal",2017-11-01,2078511.449,8372638.270159,0.24825047755951,0.274964706164653
"natural_gas",2017-11-01,424692.215,1421091.167219,0.298849380529963,0.243443464072832
"oil",2017-11-01,76139.342,132630.759,0.574070016443169,0.586611401972688
"oil_and_natural_gas",2017-11-01,8000,15425,0.518638573743922,0.511404702196782
"bio_oil_and_diesel",2017-12-01,33871,116930.5,0.289667794117018,0.282541806801707
"coal",2017-12-01,2217178.707,9278490.004078,0.238959001521317,0.263694137157131
"natural_gas",2017-12-01,728542.383,2199517.705271,0.331228242106938,0.253922363910879
"oil",2017-12-01,301935.104,512565.249,0.589066669246631,0.570418210985135
"oil_and_natural_gas",2017-12-01,71800,171195,0.419404772335641,0.503968547808537
"bio_oil_and_diesel",2018-01-01,34898,122222.7,0.28552797475428,0.291658908762866
"coal",2018-01-01,2540492.434,10552488.239207,0.240748189091648,0.253521941371137
"natural_gas",2018-01-01,700366.545,2248543.823824,0.311475603712681,0.269275607456009
"oil",2018-01-01,425480.61,646331.443,0.658300960920448,0.580265863839569
"oil_and_natural_gas",2018-01-01,88000,236804,0.3716153443354,0.497013142341012
"bio_oil_and_diesel",2018-02-01,34934,117767.8,0.296634563947021,0.30175890809855
"coal",2018-02-01,2418265.401,9913460.375977,0.243937566630126,0.246105870949953
"natural_gas",2018-02-01,575189.987,1866660.596626,0.308138495042783,0.283090460221479
"oil",2018-02-01,215430.051,365631.75,0.589199518367866,0.573286502929992
"oil_and_natural_gas",2018-02-01,36700,93404,0.392916791572095,0.465806559769734
"bio_oil_and_diesel",2018-03-01,36224,92409.2,0.391995602169481,0.315066891721742
"coal",2018-03-01,2419935.95,9801770.634904,0.246887632871415,0.24291183761594
"natural_gas",2018-03-01,570967.652,1855875.04667,0.307654145695039,0.296229725024991
"oil",2018-03-01,343617.139,530890.448,0.64724679130034,0.576410189506116
"oil_and_natural_gas",2018-03-01,17200,36709,0.468549946879512,0.454747874930308
"bio_oil_and_diesel",2018-04-01,9981,108360.5,0.0921092095366854,0.277706181972725
"coal",2018-04-01,2107839.884,9332216.314813,0.225867019461843,0.24077498118931
"natural_gas",2018-04-01,424018.32,1801488.179083,0.235371136443335,0.298786167255123
"oil",2018-04-01,20230.105,24983.571,0.809736326324207,0.644603380433777
"bio_oil_and_diesel",2018-05-01,35626,109992.5,0.323894811009842,0.279971659255721
"coal",2018-05-01,1855424.218,8430806.277434,0.220076723025442,0.236079355433632
"natural_gas",2018-05-01,437024.017,1731458.957289,0.25240218092392,0.291044967320783
"oil",2018-05-01,56858.968,92890.875,0.612104988783882,0.650942542490562
"oil_and_natural_gas",2018-05-01,9100,12358,0.736365107622593,0.484581756081527
"bio_oil_and_diesel",2018-06-01,15639,53714,0.291153144431619,0.280219217641488
"coal",2018-06-01,1901169.926,8905882.023412,0.213473513460223,0.231831774090116
"natural_gas",2018-06-01,437055.891,1750887.989758,0.249619560792354,0.277443520435019
"oil",2018-06-01,66585.18,96476.863,0.690167340950959,0.667792654441284
"oil_and_natural_gas",2018-06-01,11100,12477,0.889636931954797,0.54641481578334
"bio_oil_and_diesel",2018-07-01,33728,114812.6,0.293765666834476,0.281592166321521
"coal",2018-07-01,2185289.499,10432553.445736,0.2094683253114,0.226618463460075
"natural_gas",2018-07-01,489130.869,1939907.92008,0.252141281520119,0.267554466736259
"oil",2018-07-01,174206.555,240356.274,0.724784721034575,0.678873281126972
"oil_and_natural_gas",2018-07-01,29700,70126,0.423523372215726,0.547101249096687
"bio_oil_and_diesel",2018-08-01,35896,115007.42,0.312118991974605,0.284172904326118
"coal",2018-08-01,2439600.091,11196382.569532,0.217891812453669,0.222277504430666
"natural_gas",2018-08-01,469755.3,2036480.995813,0.230670112299509,0.254643069612379
"oil",2018-08-01,178526.382,239146.799,0.74651378461478,0.705092325501457
"oil_and_natural_gas",2018-08-01,37600,94349,0.398520387073525,0.551585422886375
"bio_oil_and_diesel",2018-09-01,33847,107610.3,0.314533088375369,0.271262485360433
"coal",2018-09-01,2024182.898,9975445.406044,0.202916543132357,0.214948989474156
"natural_gas",2018-09-01,288108.74,1260745.719057,0.228522481294243,0.241454458878913
"oil_and_natural_gas",2018-09-01,1500,4016,0.373505976095618,0.548350286973628
"bio_oil_and_diesel",2018-10-01,32446,105117.9,0.308662939423257,0.307354773674861
"coal",2018-10-01,1573586.628,8625348.313446,0.182437458849858,0.207710729372158
"natural_gas",2018-10-01,497062.995,1874490.303112,0.265172348010968,0.246421327473519
"oil",2018-10-01,13596.485,18779.608,0.724002598989287,0.717884960116282
"oil_and_natural_gas",2018-10-01,35500,118111,0.300564723014791,0.520352749662842
"bio_oil_and_diesel",2018-11-01,28740,93061.2,0.308829028639218,0.304843809946424
"coal",2018-11-01,1979416.698,10241823.308966,0.193267999094181,0.203242608716948
"natural_gas",2018-11-01,410536.513,1523460.838554,0.269476249477908,0.24926700556585
"oil",2018-11-01,16381.042,25353.649,0.646101947692027,0.690612563677585
"bio_oil_and_diesel",2018-12-01,31168,104129.8,0.299318734886651,0.306204741688929
"coal",2018-12-01,2252116.015,10383242.627372,0.216899103278492,0.203813540353326
"natural_gas",2018-12-01,590763.588,1855173.681046,0.318441121732015,0.26073726572246
"oil",2018-12-01,120848.957,199412.745,0.606024238821847,0.689599105350579
"oil_and_natural_gas",2018-12-01,3700,2500,1.48,0.644291898392409
"bio_oil_and_diesel",2019-01-01,35506,115302.3,0.307938349885475,0.308566855530763
"coal",2019-01-01,1849868.168,10374750.362245,0.178304836589794,0.198619625566392
"natural_gas",2019-01-01,563774.812,1820663.587409,0.309653477940047,0.270322631792448
"oil",2019-01-01,151098.058,243113.437,0.621512573984136,0.678156644189442
"oil_and_natural_gas",2019-01-01,2400,1770,1.35593220338983,0.722007776964915
"bio_oil_and_diesel",2019-02-01,27679,88474.2,0.312848265370017,0.308688401096665
"coal",2019-02-01,1727970.497,9041327.042254,0.191119123213269,0.194157510692992
"natural_gas",2019-02-01,542551.285,1404579.203311,0.386273186817126,0.296256477545384
"oil",2019-02-01,60135.223,111795.428,0.537904135042088,0.64700987985736
"bio_oil_and_diesel",2019-03-01,28575,99263.7,0.287869583745115,0.304244483658289
"coal",2019-03-01,1644810.406,8804922.718844,0.186805774283496,0.191472382551515
"natural_gas",2019-03-01,370272.096,1250451.921517,0.29611062179088,0.307521167628157
"oil",2019-03-01,314855.86,518404.723,0.60735530760201,0.623816800355232
"oil_and_natural_gas",2019-03-01,7000,15746,0.444557347897879,0.725513439578607
"bio_oil_and_diesel",2019-04-01,27488,93420,0.29424106187112,0.301840837399599
"coal",2019-04-01,1422449.073,7375216.619584,0.192868785605952,0.193210937010864
"natural_gas",2019-04-01,232793.882,1372924.798368,0.169560548601586,0.291585867726594
"bio_oil_and_diesel",2019-05-01,23624,79890,0.295706596570284,0.29965376538811
"coal",2019-05-01,1499741.933,7966671.429363,0.188252012938849,0.192374939318309
"natural_gas",2019-05-01,283878.764,1304517.734969,0.217612038832685,0.282941832619057
"oil",2019-05-01,8712.428,13458.321,0.647363664457104,0.611043644599869
"bio_oil_and_diesel",2019-06-01,13156,42072.7,0.31269683191238,0.301883448225732
"coal",2019-06-01,1431718.481,9114551.838535,0.157080513267466,0.182405174316471
"natural_gas",2019-06-01,250137.747,1158802.900134,0.215858751277784,0.265844770876685
"oil",2019-06-01,2666.711,2469.096,1.08003536517009,0.683365880846212
"bio_oil_and_diesel",2019-07-01,22923,98625.1,0.23242561984728,0.289297993219366
"coal",2019-07-01,1745605.81,10845370.36922,0.160954006232389,0.179513369256903
"natural_gas",2019-07-01,359078.715,1636727.219464,0.219388246697328,0.250800565669565
"oil",2019-07-01,2176.676,1590.666,1.36840543520764,0.810429413577178
"oil_and_natural_gas",2019-07-01,800,1375,0.581818181818182,0.75606307203605
"bio_oil_and_diesel",2019-08-01,26404,97887.2,0.269739046576059,0.282113123420373
"coal",2019-08-01,1804634.743,11241749.143793,0.160529711161222,0.174415133914895
"natural_gas",2019-08-01,351024.177,8342574.206078,0.0420762426954813,0.193434408315957
"oil",2019-08-01,33485.253,62455.643,0.536144556225288,0.79620141061737
"oil_and_natural_gas",2019-08-01,4900,11405,0.429636124506795,0.765418096771246
"bio_oil_and_diesel",2019-09-01,21360,87473.9,0.244187123244762,0.274832713336981
"coal",2019-09-01,1530937.097,9928698.071559,0.154193136498471,0.168979694284058
"natural_gas",2019-09-01,204314.732,1333316.277903,0.153238009155142,0.169622306210001
"oil",2019-09-01,5103.675,8539.084,0.597684130991099,0.806164743275538
"oil_and_natural_gas",2019-09-01,1000,1573,0.635727908455181,0.821278627677978
"bio_oil_and_diesel",2019-10-01,20376,86948.3,0.234346157429185,0.264850229263325
"coal",2019-10-01,1349316.291,9261115.084785,0.145696957509661,0.161117722934676
"natural_gas",2019-10-01,179572.739,1135123.72497,0.158196622138918,0.167728318466223
"oil",2019-10-01,42229.727,73465.742,0.574822030654778,0.800742530451
"oil_and_natural_gas",2019-10-01,2900,12669,0.228905201673376,0.612762827956874
"bio_oil_and_diesel",2019-11-01,17921,80336.2,0.2230750271982,0.252744967701311
"coal",2019-11-01,1231419.523,8567777.098282,0.143726839397692,0.153696860677817
"natural_gas",2019-11-01,238883.87,1285533.518096,0.185824691956543,0.162430427320199
"oil",2019-11-01,6609.722,10419.988,0.634331056811198,0.798570429176682
"oil_and_natural_gas",2019-11-01,500,3194,0.156543519098309,0.412864713908287
"bio_oil_and_diesel",2019-12-01,14375,73324,0.196047678795483,0.233303442181828
"coal",2019-12-01,1273140.232,9011964.185185,0.141272224993187,0.151062145965437
"natural_gas",2019-12-01,387873.662,1899130.369547,0.204237512189603,0.160493554138836
"oil",2019-12-01,109927.728,201638.384,0.545172629433491,0.709426639887249
"oil_and_natural_gas",2019-12-01,18200,78663,0.231366716245249,0.377332941966182
"bio_oil_and_diesel",2020-01-01,11444,70032.5,0.163409845428908,0.221800813112099
"coal",2020-01-01,1244927.027,8878263.179988,0.140221910723048,0.14760679671388
"natural_gas",2020-01-01,329255.256,1935705.4637,0.17009574141029,0.152278136590996
"oil",2020-01-01,10435.147,23371.198,0.446496024722396,0.555775071473042
"oil_and_natural_gas",2020-01-01,12400,45831,0.270559228469813,0.325456449741454
"bio_oil_and_diesel",2020-02-01,7855,65028.4,0.120793376432451,0.196976534754831
"coal",2020-02-01,1027858.281,7701078.278916,0.133469397891211,0.143096744502212
"natural_gas",2020-02-01,279109.346,1471542.469021,0.189671281580944,0.176877309738573
"oil",2020-02-01,3394.827,10101.658,0.336066317034293,0.522428698274542
"oil_and_natural_gas",2020-02-01,600,1390,0.431654676258993,0.325792875033487
"bio_oil_and_diesel",2020-03-01,7086,68684.2,0.103167831903116,0.173473319531224
"coal",2020-03-01,957722.368,6920188.737093,0.138395411510455,0.140463790337542
"natural_gas",2020-03-01,242667.846,1419339.160418,0.170972416436769,0.179833044285511
"oil",2020-03-01,9843.871,35125.476,0.280248757340683,0.46952280266614
"bio_oil_and_diesel",2020-04-01,8043,70032.3,0.114847006309946,0.153556794344684
"coal",2020-04-01,1031731.05,7165394.529441,0.143988031051305,0.14017896926115
"natural_gas",2020-04-01,136399.684,803737.0247,0.169706856606378,0.181751416696754
"oil",2020-04-01,18826.973,64966.132,0.289796735936195,0.422018586879709
"bio_oil_and_diesel",2020-05-01,6238,60419.551776,0.103244724871956,0.13358507729031
"coal",2020-05-01,937951.889,6687474.24294,0.140255028270232,0.13960033407324
"natural_gas",2020-05-01,145165.595,766570.692992,0.189370134192588,0.182342323736095
"oil",2020-05-01,1475.722,4681.226,0.315242630883448,0.368837182558418
"bio_oil_and_diesel",2020-06-01,2696,31847.6,0.0846531606777277,0.115019324270684
"coal",2020-06-01,1101576.049,8443178.140203,0.130469360080743,0.137799856587832
"natural_gas",2020-06-01,191545.861,1184439.08029,0.161718626299549,0.17525584275442
"bio_oil_and_diesel",2020-07-01,3919,40423.5,0.0969485571511621,0.10394244289106
"coal",2020-07-01,1181522.974,9523643.287073,0.124062077755868,0.135106551093302
"natural_gas",2020-07-01,175506.843,1161382.368814,0.151118914590745,0.172093038284496
"bio_oil_and_diesel",2020-08-01,7119,74062.9,0.0961209998528278,0.0998303801277891
"coal",2020-08-01,1271424.724,9991646.573995,0.127248768717371,0.134069779564329
"natural_gas",2020-08-01,281888.68,1835521.887184,0.153574131677866,0.166076846633982
"oil",2020-08-01,35559.603,121019.78,0.293832983335451,0.326947241542078
"coal",2020-09-01,761918.93,6067748.737,0.125568635588676,0.131931983577366
"natural_gas",2020-09-01,176311.835,812903.721,0.216891410932538,0.173730012383277
"oil",2020-09-01,150370.05,515236.354,0.291846739525682,0.301172360675959
"bio_oil_and_diesel",2020-10-01,6008,50682.6,0.118541669132996,0.102392686332769
"coal",2020-10-01,812196.705,7171509.457226,0.113253243245971,0.126809518943143
"natural_gas",2020-10-01,306630.142,1308526.65493,0.234332362160711,0.184500929975666
"oil",2020-10-01,31616.837,109618.918,0.288425005253199,0.293232142045777
"bio_oil_and_diesel",2020-11-01,5689,51075.2,0.111384781655285,0.101815648890326
"coal",2020-11-01,849298.492,6789823.696789,0.125084027204071,0.12428101876545
"natural_gas",2020-11-01,275663.123,1336052.974813,0.206326491686142,0.187326989557925
"oil",2020-11-01,73939.854,245121.77,0.301645398529882,0.296798248910643
"bio_oil_and_diesel",2020-12-01,7397,74803.1,0.0988862761035305,0.101089240762255
"coal",2020-12-01,1054468.144,8859108.138858,0.119026444589255,0.122373866183535
"natural_gas",2020-12-01,401669.703,2025794.976085,0.198277568925685,0.193420146662281
"oil",2020-12-01,110224.001,374706.699,0.294160743040252,0.297525583427986
"bio_oil_and_diesel",2021-01-01,6766,83275.3,0.0812485815121651,0.100521810901328
"coal",2021-01-01,1082239.051,8678456.079258,0.124704099567504,0.122480869818808
"natural_gas",2021-01-01,428962.565,2252745.260286,0.190417697270192,0.199969943775522
"oil",2021-01-01,76112.584,250396.172,0.303968640542955,0.295646585037904
"bio_oil_and_diesel",2021-02-01,6788,74334,0.091317566658595,0.0995833124858999
"coal",2021-02-01,847016.652,7197874.333799,0.117675943302132,0.120885398916268
"natural_gas",2021-02-01,335527.117,1690729.77579,0.198451060485537,0.207449431910134
"oil",2021-02-01,29438.255,94610.584,0.311151815741884,0.298533057105642
"bio_oil_and_diesel",2021-03-01,6104,60441.8,0.100989712417565,0.100394764580023
"coal",2021-03-01,787754.48,6375984.028088,0.123550259305814,0.120549002869124
"natural_gas",2021-03-01,277083.37,1569736.540095,0.17651584385188,0.200720170730025
"bio_oil_and_diesel",2021-04-01,3612,43875.2,0.0823244110568157,0.0943585549006594
"coal",2021-04-01,835730.665,6287025.545842,0.132929420901227,0.123828365811667
"natural_gas",2021-04-01,312058.474,1887444.460377,0.165333857790798,0.189220420001706
"oil",2021-04-01,10602.244,31683.144,0.334633583081275,0.305664197698241
"bio_oil_and_diesel",2021-05-01,2624,35326.5,0.0742785161281191,0.0881741773127984
"coal",2021-05-01,919980.459,7461012.70461,0.123305038528022,0.123531867698992
"natural_gas",2021-05-01,238099.454,1500821.098666,0.15864612658473,0.181273692484804
"oil",2021-05-01,53272.959,180882.92,0.294516248410851,0.306679404891183
"bio_oil_and_diesel",2021-06-01,2895,42910,0.0674667909578187,0.0829375964551798
"coal",2021-06-01,985579.8,8445146.236686,0.116703698476956,0.123144743346942
"natural_gas",2021-06-01,299575.345,1865241.862703,0.160609383153064,0.1749956615227
"oil",2021-06-01,45599.578,137630.295,0.331319336342337,0.311625061193259
"bio_oil_and_diesel",2021-07-01,7013,85814.3,0.0817229762405566,0.0830166622432451
"coal",2021-07-01,1323655.183,10457068.576351,0.126579946696868,0.12345738453517
"natural_gas",2021-07-01,379168.218,2394737.687848,0.158333925224493,0.16964836618175
"oil",2021-07-01,71034.68,237595.212,0.298973533187192,0.312427192884416
"bio_oil_and_diesel",2021-08-01,8597,88800.2,0.0968128450161149,0.0839325419694984
"coal",2021-08-01,1289075.178,10375312.789206,0.124244464161225,0.124552138011685
"natural_gas",2021-08-01,297027.634,1924165.596761,0.154366980939684,0.162301019590775
"oil",2021-08-01,15338.277,47692.089,0.321610508610768,0.315367504229051
"bio_oil_and_diesel",2021-09-01,6269,67163.1,0.0933399441062131,0.082657580584273
"coal",2021-09-01,1036536.271,8387690.265384,0.123578272230412,0.124556806832452
"natural_gas",2021-09-01,304414.761,1972150.878992,0.154356730127865,0.158607833970105
"oil",2021-09-01,48763.021,173748.533,0.280652850173993,0.310284343301069
"bio_oil_and_diesel",2021-10-01,18618,53707.8,0.346653558700971,0.126712438524966
"coal",2021-10-01,888016.061,7037002.055869,0.126192383340201,0.123433967238947
"natural_gas",2021-10-01,322771.793,1926925.717,0.167506090220498,0.158969872708389
"oil",2021-10-01,48995.564,173742.997,0.282000223583112,0.301512116718042
"bio_oil_and_diesel",2021-11-01,9066,53120.9,0.17066728914608,0.142777234027959
"coal",2021-11-01,1039258.534,7896076.165925,0.131617085772912,0.124819308446429
"natural_gas",2021-11-01,337659.658,1900169.112,0.177699793069787,0.162145483789232
"oil",2021-11-01,25677.968,87583.711,0.293182005042011,0.301289742823235
"bio_oil_and_diesel",2021-12-01,14165,76479.4,0.185213273116682,0.162401647721103
"coal",2021-12-01,949019.731,8719619.666141,0.108837285034934,0.123508239539425
"natural_gas",2021-12-01,302516.587,1649042.677652,0.18344982279703,0.165952223729893
"oil",2021-12-01,25124.129,78287.835,0.320919961575129,0.299556513695367
"bio_oil_and_diesel",2022-01-01,14369,85904.2,0.167267723813271,0.176659105649889
"coal",2022-01-01,930731.322,8744833.30563,0.106432139924358,0.120150271744007
"natural_gas",2022-01-01,321858.763,1741660.225467,0.184799973205852,0.170363231726786
"oil",2022-01-01,91470.024,351792.554,0.260011256520228,0.29306280091754
"bio_oil_and_diesel",2022-02-01,7963,73965.284192,0.10765861426733,0.178466733858425
"coal",2022-02-01,797571.312,7618410.965127,0.10468998268154,0.116891191497393
"natural_gas",2022-02-01,301815.863,1620796.394181,0.186214544950607,0.17567115906194
"bio_oil_and_diesel",2022-03-01,5014,68624.1,0.0730647105025785,0.175087528257819
"coal",2022-03-01,760249.521,6238044.748552,0.121873047027512,0.116606987296909
"natural_gas",2022-03-01,363435.274,1971666.710492,0.184328959892674,0.180666530689408
"bio_oil_and_diesel",2022-04-01,5691,79331.5,0.0717369519043507,0.129268093791716
"coal",2022-04-01,799343.715,6158588.426072,0.12979333244872,0.117207145481663
"natural_gas",2022-04-01,262373.339,1538109.309242,0.170581724864081,0.181179136463338
"bio_oil_and_diesel",2022-05-01,5537,76525.7,0.0723547775453214,0.112882675191589
"coal",2022-05-01,819604.995,6299771.259542,0.130100754651779,0.11695442362814
"natural_gas",2022-05-01,299223.616,1678857.135894,0.178230541242964,0.181267594492201
"bio_oil_and_diesel",2022-06-01,1663,42122.3,0.0394802752936093,0.0885938422210769
"coal",2022-06-01,970243.313,8044480.213095,0.1206098203114,0.118916512840885
"natural_gas",2022-06-01,301969.969,1784819.066086,0.169188000474581,0.178890624105127
"bio_oil_and_diesel",2022-07-01,2152,44802.3,0.0480332482930564,0.0687214296343745
"coal",2022-07-01,1131397.479,9612034.392053,0.117706349442051,0.1207955477605
"natural_gas",2022-07-01,280408.41,2009977.279639,0.139508248595906,0.171342003336802
"bio_oil_and_diesel",2022-08-01,5558,89758.8,0.0619215051894633,0.0610985781213966
"coal",2022-08-01,1320603.905,9568758.030437,0.138012049296192,0.126349225529609
"natural_gas",2022-08-01,242475.518,2011610.409842,0.120538011144536,0.160395914369124
"bio_oil_and_diesel",2022-09-01,7823,87747.2,0.0891538419459538,0.0637801000286258
"coal",2022-09-01,936427.545,7212993.184573,0.129825097714332,0.127674567310745
"natural_gas",2022-09-01,223383.263,1979106.268368,0.112870777365687,0.148486217281292
"bio_oil_and_diesel",2022-10-01,6407,65361.1,0.098024666047542,0.0681613857191577
"coal",2022-10-01,798283.981,6380423.11374,0.125114583589437,0.126894775834198
"natural_gas",2022-10-01,289551.03,2547090.589288,0.113679125201801,0.139002450670913
"bio_oil_and_diesel",2022-11-01,5318,86282.1,0.0616350320634292,0.0663747614721757
"coal",2022-11-01,817145.432,6918901.484106,0.118103348324461,0.124895208112979
"natural_gas",2022-11-01,325231.592,2635229.356305,0.123416806670682,0.129866828242199
"bio_oil_and_diesel",2022-12-01,8825,94822.4,0.0930687263768899,0.0753061699860558
"coal",2022-12-01,1050594.09,9339429.045266,0.112490183811882,0.123541935363059
"natural_gas",2022-12-01,388113.978,3119083.327616,0.124432064563227,0.122407505590307
"bio_oil_and_diesel",2023-01-01,6187,94630,0.0653809574130825,0.0781974548393934
"coal",2023-01-01,932061.376,8841282.673176,0.105421510707697,0.121494462240667
"natural_gas",2023-01-01,282493,2299004.9099,0.122876205606837,0.119635498425462
"bio_oil_and_diesel",2023-02-01,5972,83551.7,0.0714767024489029,0.0797899877159667
"coal",2023-02-01,819566.135,7627711.87485,0.107445869540807,0.116400098948103
"natural_gas",2023-02-01,272543,2368970.968534,0.11504699872648,0.118720329689119
"bio_oil_and_diesel",2023-03-01,5305,78275.5,0.0677734412427899,0.0762265875987727
"coal",2023-03-01,620320.583,5869601.231841,0.105683599021162,0.112376515832574
"natural_gas",2023-03-01,218280,1903742.784782,0.114658346571223,0.119018257890042
"bio_oil_and_diesel",2023-04-01,5124,83287.3,0.0615219847443728,0.0701428073815779
"coal",2023-04-01,651822.393,5712212.080485,0.114110327805731,0.110542473201957
"natural_gas",2023-04-01,211200,1781407.023733,0.118557969731939,0.119831398645065
"bio_oil_and_diesel",2023-05-01,3584,55129.3,0.0650108018784929,0.0707054356840885
"coal",2023-05-01,664052.166,5641191.872292,0.117714869664626,0.110477726758651
"natural_gas",2023-05-01,177220,1404480.883024,0.12618185276999,0.120292239661616
"bio_oil_and_diesel",2023-06-01,3638,48118,0.0756058024024274,0.0677949483550114
"coal",2023-06-01,722129.773,6523775.342898,0.11069200501917,0.110178030293199
"natural_gas",2023-06-01,205224,1634839.599858,0.125531581213121,0.120475492436598
"bio_oil_and_diesel",2023-07-01,3944,97369.6,0.0405054555015118,0.0636490313697496
"coal",2023-07-01,860253.153,8110809.049458,0.106062557724434,0.110284871462655
"natural_gas",2023-07-01,216599,1993536.453768,0.10865063419864,0.118104563868565
"bio_oil_and_diesel",2023-08-01,3600,97569.6,0.0368967383283318,0.0578857040163211
"coal",2023-08-01,918660.695,8741077.111519,0.105096967259262,0.109893387749064
"natural_gas",2023-08-01,244583,2148242.813326,0.11385258616149,0.117905495107734
"bio_oil_and_diesel",2023-09-01,3027,86340.4,0.0350589063752311,0.0524332815383946
"coal",2023-09-01,780811.893,6630114.510351,0.117767482263087,0.111907368289385
"natural_gas",2023-09-01,214616,1803335.724692,0.119010563070088,0.118630864524211
"bio_oil_and_diesel",2023-10-01,4218,88788.9,0.0475059382422803,0.0500972737880459
"coal",2023-10-01,607851.908,5889513.744015,0.103209184054916,0.110090510997582
"natural_gas",2023-10-01,220125,1597975.918532,0.137752388785821,0.121829934366525
"bio_oil_and_diesel",2023-11-01,4098,84032.3,0.0487669622276196,0.047389967179567
"coal",2023-11-01,657200.247,6428609.471794,0.102230544549877,0.107509790145124
"natural_gas",2023-11-01,219611,1544620.62,0.142177954351017,0.124495951296696
"bio_oil_and_diesel",2023-12-01,5424,94842.9,0.0571893099008993,0.0443205517626456
"coal",2023-12-01,744034.771,7332096.463605,0.101476402375942,0.105973856371253
"natural_gas",2023-12-01,241781,1600038.49725,0.151109489187636,0.128758935959115
"bio_oil_and_diesel",2024-01-01,4719,74546.5,0.0633027707538248,0.0481201043046978
"coal",2024-01-01,589998,7714930.762388,0.0764748276000572,0.10104256801719
"natural_gas",2024-01-01,158688,2049698.284081,0.0774201750728152,0.123553859438145
"bio_oil_and_diesel",2024-02-01,3070,50244,0.0611018231032561,0.0521542851005185
"coal",2024-02-01,482223,6402698.304292,0.0753155899406888,0.0960790051307614
"natural_gas",2024-02-01,120635,1432658.653616,0.0842035886884289,0.118612359859301
"bio_oil_and_diesel",2024-03-01,5682,90236.4,0.0629679375507002,0.05680579029643
"coal",2024-03-01,470371,5541682.84892,0.084878729588733,0.0905975463517023
"natural_gas",2024-03-01,153299,1427496.155671,0.10739013158879,0.116675621279085
"bio_oil_and_diesel",2024-04-01,4976,57024.7,0.0872604327598391,0.0634315393826898
"coal",2024-04-01,479168,5137812.670297,0.0932630344368513,0.0889398547486916
"natural_gas",2024-04-01,102638,1101525.607631,0.0931780426065072,0.109246563582532
"bio_oil_and_diesel",2024-05-01,1640,27358.937728,0.0599438478315469,0.0652943536500111
"coal",2024-05-01,388174,4101448.292103,0.0946431534312884,0.0876752895622601
"natural_gas",2024-05-01,160408,1748758.369109,0.0917267947553718,0.100838036983258
"bio_oil_and_diesel",2024-06-01,2320,45351.1,0.0511564217846976,0.0642888722973108
"coal",2024-06-01,457110,5803542.650122,0.0787639598014138,0.0838898824665054
"natural_gas",2024-06-01,198824,2239549.596195,0.0887785652694642,0.0904495496635628
"bio_oil_and_diesel",2024-07-01,4678,86662.6,0.0539794559590873,0.0627349864981879
"coal",2024-07-01,587286,8163086.721725,0.0719441088916787,0.0831347626817757
"natural_gas",2024-07-01,237061,2649294.419661,0.0894808059990305,0.092459654817932
"bio_oil_and_diesel",2024-08-01,5221,99175,0.0526443156037308,0.0613254019149337
"coal",2024-08-01,689288,9359257.869333,0.0736477196828345,0.0828567843054666
"natural_gas",2024-08-01,244688,2899152.597656,0.0843998346957774,0.0924923624858234
"bio_oil_and_diesel",2024-09-01,4256,79938.565184,0.0532408855500931,0.0597042265814991
"coal",2024-09-01,564898,6902691.940881,0.0818373476374351,0.0823498873135836
"natural_gas",2024-09-01,177880,2056505.776255,0.0864962316439142,0.0890100458283442
"bio_oil_and_diesel",2024-10-01,5044,93582.7,0.0538988509628382,0.0541439629486656
"coal",2024-10-01,419064,5136668.285017,0.0815828425639934,0.0804031886681073
"natural_gas",2024-10-01,141062,1837793.147741,0.07675618998438,0.086273070391323
"bio_oil_and_diesel",2024-11-01,3884,83514.4,0.0465069496996925,0.0519044799266899
"coal",2024-11-01,412663,5584291.327283,0.073897111704016,0.0769455150468953
"natural_gas",2024-11-01,90250,1244594.200863,0.0725135951440403,0.0830708704561011
"bio_oil_and_diesel",2024-12-01,5346,78247.4,0.0683217589338432,0.0547653694515475
"coal",2024-12-01,538706,6906107.380258,0.0780042895857601,0.0768189033442863
"natural_gas",2024-12-01,84674,1222713.346877,0.069250900234524,0.0798162596169444
"bio_oil_and_diesel",2025-01-01,6455,94627.3,0.0682149865842098,0.0571379578890679
"coal",2025-01-01,450768,3681180.222236,0.122452032442518,0.0852368906027596
"natural_gas",2025-01-01,91704,1108523.563086,0.0827262523357706,0.0786905006730678
"bio_oil_and_diesel",2025-02-01,6479,83430.9,0.0776570790917993,0.061306751803746
"coal",2025-02-01,352973,3074831.756532,0.11479424825445,0.0920946453646955
"natural_gas",2025-02-01,130842,1380889.177004,0.0947519918172412,0.0804158601933117
"bio_oil_and_diesel",2025-03-01,6078,64565.600001,0.0941368158881179,0.0681227401934168
"coal",2025-03-01,272124,2167064.278413,0.125572648080049,0.099383862105131
"natural_gas",2025-03-01,100140,977163.101772,0.102480332933576,0.083079877074922
"bio_oil_and_diesel",2025-04-01,12407,69096.5,0.179560469777775,0.0890663433292395
"coal",2025-04-01,265458,2006208.929353,0.132318222751411,0.107839758803034
"natural_gas",2025-04-01,121621,1194689.991955,0.10180130478952,0.0872540628757786
"bio_oil_and_diesel",2025-05-01,9472,70608,0.13414910491729,0.103673369198839
"coal",2025-05-01,411021,2914054.077617,0.141047828575686,0.119031544948312
"natural_gas",2025-05-01,154214,1621901.396271,0.0950822290150077,0.0910155018542732
"bio_oil_and_diesel",2025-06-01,2215,24307.9,0.0911226391420073,0.1074735159002
"coal",2025-06-01,487240,3748544.865045,0.129981104012784,0.127694347352816
"natural_gas",2025-06-01,109022,1565218.555614,0.0696528926321303,0.0910825005872076
"bio_oil_and_diesel",2025-07-01,2645,49562.2,0.0533672839381626,0.104998898792525
"coal",2025-07-01,315181,2523896.816448,0.124878718474541,0.12809879502482
"natural_gas",2025-07-01,86248,784012.655447,0.110008428308885,0.09562952991606
"bio_oil_and_diesel",2025-08-01,3066,89976.8,0.0340754505605889,0.0977352940373235
"coal",2025-08-01,332349,2719760.723603,0.122197882010636,0.129332733984184
"natural_gas",2025-08-01,97900,895226.239726,0.10935783118909,0.0980638364780348
"bio_oil_and_diesel",2025-09-01,3057,93815.4,0.0325852685166828,0.087476702808751
"coal",2025-09-01,352878,2863116.894673,0.123249595801188,0.128945558604374
"natural_gas",2025-09-01,64799,542518.558612,0.11944107528005,0.100890626869114
"bio_oil_and_diesel",2025-10-01,3136,73531.8,0.0426482147859837,0.0646579936434525
"coal",2025-10-01,206557,1708813.652063,0.120877428472455,0.127038759557881
"natural_gas",2025-10-01,69484,562327.469526,0.123565011075432,0.104517911250099
"bio_oil_and_diesel",2025-11-01,4119,70014.8,0.0588304187114724,0.0521048792758163
"coal",2025-11-01,188593,1307476.588239,0.1442419709052,0.127571116612801
"natural_gas",2025-11-01,77338,656329.490192,0.117834107952967,0.108309891073092
"bio_oil_and_diesel",2025-12-01,6252,91333.300001,0.0684525797264694,0.0483265360398933
"coal",2025-12-01,300706,2282565.26662,0.131740373165882,0.127864328138317
"natural_gas",2025-12-01,48775,355288.900062,0.137282645169856,0.119581516496047
